None,ticker,date,adj_close
0,AAPL,2015-01-02,103.86395724039
1,AAPL,2015-01-05,100.9379443592
2,AAPL,2015-01-06,100.94744440102
3,AAPL,2015-01-07,102.36295063251
4,AAPL,2015-01-08,106.29596794683
5,AAPL,2015-01-09,106.4099684487
6,AAPL,2015-01-12,103.78795690581
7,AAPL,2015-01-13,104.70946096255
8,AAPL,2015-01-14,104.31045920603
9,AAPL,2015-01-15,101.47944674306
10,AAPL,2015-01-16,100.69094327183
11,AAPL,2015-01-20,103.28445468924
12,AAPL,2015-01-21,104.07295816047
13,AAPL,2015-01-22,106.78047007976
14,AAPL,2015-01-23,107.33147250543
15,AAPL,2015-01-26,107.4454730073
16,AAPL,2015-01-27,103.68345644577
17,AAPL,2015-01-28,109.54498224997
18,AAPL,2015-01-29,112.95549726408
19,AAPL,2015-01-30,111.30248998705
20,AAPL,2015-02-02,112.69899613489
21,AAPL,2015-02-03,112.71799621853
22,AAPL,2015-02-04,113.58250002434
23,AAPL,2015-02-05,114.39000357921
24,AAPL,2015-02-06,113.42673941701
25,AAPL,2015-02-09,114.18018366269
26,AAPL,2015-02-10,116.37375551722
27,AAPL,2015-02-11,119.10141443198
28,AAPL,2015-02-12,120.60830292335
29,AAPL,2015-02-13,121.19961359718
30,AAPL,2015-02-17,121.91490876714
31,AAPL,2015-02-18,122.75895706769
32,AAPL,2015-02-19,122.50621944097
33,AAPL,2015-02-20,123.50286404444
34,AAPL,2015-02-23,126.84567680536
35,AAPL,2015-02-24,126.05408348395
36,AAPL,2015-02-25,122.83048658468
37,AAPL,2015-02-26,124.38029278625
38,AAPL,2015-02-27,122.5157567099
39,AAPL,2015-03-02,123.11660465266
40,AAPL,2015-03-03,123.37411091385
41,AAPL,2015-03-04,122.59205486136
42,AAPL,2015-03-05,120.56061657869
43,AAPL,2015-03-06,120.74182468841
44,AAPL,2015-03-09,121.25683721078
45,AAPL,2015-03-10,118.74853548147
46,AAPL,2015-03-11,116.58357543374
47,AAPL,2015-03-12,118.69131186788
48,AAPL,2015-03-13,117.87110673966
49,AAPL,2015-03-16,119.16817531451
50,AAPL,2015-03-17,121.16146452145
51,AAPL,2015-03-18,122.52529397883
52,AAPL,2015-03-19,121.59541025789
53,AAPL,2015-03-20,120.07421586312
54,AAPL,2015-03-23,121.32359809331
55,AAPL,2015-03-24,120.82766010881
56,AAPL,2015-03-25,117.67082409207
57,AAPL,2015-03-26,118.49102922029
58,AAPL,2015-03-27,117.54683959595
59,AAPL,2015-03-30,120.52246750296
60,AAPL,2015-03-31,118.67223733001
61,AAPL,2015-04-01,118.50056648922
62,AAPL,2015-04-02,119.52105426502
63,AAPL,2015-04-06,121.45711985837
64,AAPL,2015-04-07,120.17912582138
65,AAPL,2015-04-08,119.78809779514
66,AAPL,2015-04-09,120.70367561268
67,AAPL,2015-04-10,121.21868813505
68,AAPL,2015-04-13,120.98025641173
69,AAPL,2015-04-14,120.45570662043
70,AAPL,2015-04-15,120.9134955292
71,AAPL,2015-04-16,120.33172212431
72,AAPL,2015-04-17,118.97742993586
73,AAPL,2015-04-20,121.69555158169
74,AAPL,2015-04-21,121.03748002533
75,AAPL,2015-04-22,122.66835301283
76,AAPL,2015-04-23,123.66976625076
77,AAPL,2015-04-24,124.25153965566
78,AAPL,2015-04-27,126.51187239272
79,AAPL,2015-04-28,124.51858318578
80,AAPL,2015-04-29,122.68742755069
81,AAPL,2015-04-30,119.35892069317
82,AAPL,2015-05-01,122.98308288761
83,AAPL,2015-05-04,122.74465116429
84,AAPL,2015-05-05,119.97884317379
85,AAPL,2015-05-06,119.22539892811
86,AAPL,2015-05-07,119.95976863593
87,AAPL,2015-05-08,122.21990797794
88,AAPL,2015-05-11,120.97491596751
89,AAPL,2015-05-12,120.53916876386
90,AAPL,2015-05-13,120.67803325733
91,AAPL,2015-05-14,123.49363057323
92,AAPL,2015-05-15,123.3212470641
93,AAPL,2015-05-18,124.68116141395
94,AAPL,2015-05-19,124.56623907453
95,AAPL,2015-05-20,124.55666221291
96,AAPL,2015-05-21,125.8303848082
97,AAPL,2015-05-22,126.93172389435
98,AAPL,2015-05-26,124.13528030169
99,AAPL,2015-05-27,126.45766924422
100,AAPL,2015-05-28,126.20388241133
101,AAPL,2015-05-29,124.76735316852
102,AAPL,2015-06-01,125.0115631398
103,AAPL,2015-06-02,124.46089359672
104,AAPL,2015-06-03,124.61412338262
105,AAPL,2015-06-04,123.8862818996
106,AAPL,2015-06-05,123.20632472467
107,AAPL,2015-06-08,122.39229148708
108,AAPL,2015-06-09,122.02837074557
109,AAPL,2015-06-10,123.4265925419
110,AAPL,2015-06-11,123.14886355496
111,AAPL,2015-06-12,121.7889492051
112,AAPL,2015-06-15,121.54952766463
113,AAPL,2015-06-16,122.20075425471
114,AAPL,2015-06-17,121.91344840615
115,AAPL,2015-06-18,122.46890638003
116,AAPL,2015-06-19,121.24306809284
117,AAPL,2015-06-22,122.21033111633
118,AAPL,2015-06-23,121.65487314244
119,AAPL,2015-06-24,122.68917419726
120,AAPL,2015-06-25,122.10498563852
121,AAPL,2015-06-26,121.38672101712
122,AAPL,2015-06-29,119.26065773776
123,AAPL,2015-06-30,120.11778685264
124,AAPL,2015-07-01,121.24306809284
125,AAPL,2015-07-02,121.08983830694
126,AAPL,2015-07-06,120.66845639571
127,AAPL,2015-07-07,120.37157368553
128,AAPL,2015-07-08,117.3835928605
129,AAPL,2015-07-09,114.98937745582
130,AAPL,2015-07-10,118.06355003542
131,AAPL,2015-07-13,120.34284310068
132,AAPL,2015-07-14,120.29495879258
133,AAPL,2015-07-15,121.45375904845
134,AAPL,2015-07-16,123.07224866201
135,AAPL,2015-07-17,124.13528030169
136,AAPL,2015-07-20,126.48161139827
137,AAPL,2015-07-21,125.2174656646
138,AAPL,2015-07-22,119.92146118945
139,AAPL,2015-07-23,119.86400001974
140,AAPL,2015-07-24,119.23192715291
141,AAPL,2015-07-27,117.57513009287
142,AAPL,2015-07-28,118.15931865161
143,AAPL,2015-07-29,117.78582104848
144,AAPL,2015-07-30,117.19205562812
145,AAPL,2015-07-31,116.16733143492
146,AAPL,2015-08-03,113.42834901197
147,AAPL,2015-08-04,109.78914159686
148,AAPL,2015-08-05,110.51698307988
149,AAPL,2015-08-06,110.75640462035
150,AAPL,2015-08-07,111.13158917522
151,AAPL,2015-08-10,115.17203822764
152,AAPL,2015-08-11,109.17870546655
153,AAPL,2015-08-12,110.86222590506
154,AAPL,2015-08-13,110.77564485393
155,AAPL,2015-08-14,111.55487431404
156,AAPL,2015-08-17,112.70928832902
157,AAPL,2015-08-18,112.07436062078
158,AAPL,2015-08-19,110.64096321885
159,AAPL,2015-08-20,108.37061565606
160,AAPL,2015-08-21,101.74235518673
161,AAPL,2015-08-24,99.202644353779
162,AAPL,2015-08-25,99.799091594851
163,AAPL,2015-08-26,105.52306108578
164,AAPL,2015-08-27,108.63035880943
165,AAPL,2015-08-28,108.98630313072
166,AAPL,2015-08-31,108.47643694077
167,AAPL,2015-09-01,103.62789807786
168,AAPL,2015-09-02,108.07239203553
169,AAPL,2015-09-03,106.1772290276
170,AAPL,2015-09-04,105.11901618054
171,AAPL,2015-09-08,108.04353168515
172,AAPL,2015-09-09,105.96558645819
173,AAPL,2015-09-10,108.29365472173
174,AAPL,2015-09-11,109.87135387553
175,AAPL,2015-09-14,110.9295667226
176,AAPL,2015-09-15,111.86271805137
177,AAPL,2015-09-16,111.98777956966
178,AAPL,2015-09-17,109.59237048858
179,AAPL,2015-09-18,109.14022499938
180,AAPL,2015-09-21,110.83336555468
181,AAPL,2015-09-22,109.09212441542
182,AAPL,2015-09-23,109.97717516024
183,AAPL,2015-09-24,110.63134310206
184,AAPL,2015-09-25,110.35235971511
185,AAPL,2015-09-28,108.16859320344
186,AAPL,2015-09-29,104.91699372792
187,AAPL,2015-09-30,105.77318412236
188,AAPL,2015-10-01,105.41723980108
189,AAPL,2015-10-02,106.1868491444
190,AAPL,2015-10-05,106.57165381606
191,AAPL,2015-10-06,107.081520006
192,AAPL,2015-10-07,106.57165381606
193,AAPL,2015-10-08,105.34027886675
194,AAPL,2015-10-09,107.86074946611
195,AAPL,2015-10-12,107.36050339296
196,AAPL,2015-10-13,107.543285612
197,AAPL,2015-10-14,106.02330715894
198,AAPL,2015-10-15,107.61062642954
199,AAPL,2015-10-16,106.82177685263
200,AAPL,2015-10-19,107.48556491125
201,AAPL,2015-10-20,109.44806873671
202,AAPL,2015-10-21,109.43844861992
203,AAPL,2015-10-22,111.11234894164
204,AAPL,2015-10-23,114.55635075299
205,AAPL,2015-10-26,110.90070637222
206,AAPL,2015-10-27,110.19843784645
207,AAPL,2015-10-28,114.73913297203
208,AAPL,2015-10-29,115.95126768775
209,AAPL,2015-10-30,114.96039565823
210,AAPL,2015-11-02,116.5765752792
211,AAPL,2015-11-03,117.91377151321
212,AAPL,2015-11-04,117.3654248561
213,AAPL,2015-11-05,116.82669831578
214,AAPL,2015-11-06,116.9619591309
215,AAPL,2015-11-09,116.48854627798
216,AAPL,2015-11-10,112.81718129617
217,AAPL,2015-11-11,112.17952316775
218,AAPL,2015-11-12,111.80272518278
219,AAPL,2015-11-13,108.53714264633
220,AAPL,2015-11-16,110.31002547307
221,AAPL,2015-11-17,109.84144336355
222,AAPL,2015-11-18,113.31957860947
223,AAPL,2015-11-19,114.75914014181
224,AAPL,2015-11-20,115.26153745511
225,AAPL,2015-11-23,113.76400700201
226,AAPL,2015-11-24,114.85575500976
227,AAPL,2015-11-25,114.03452863225
228,AAPL,2015-11-27,113.82197592277
229,AAPL,2015-11-30,114.29538877569
230,AAPL,2015-12-01,113.36788604344
231,AAPL,2015-12-02,112.34376844326
232,AAPL,2015-12-03,111.30032786948
233,AAPL,2015-12-04,115.00067731167
234,AAPL,2015-12-07,114.2760658021
235,AAPL,2015-12-08,114.22775836813
236,AAPL,2015-12-09,111.70611031484
237,AAPL,2015-12-10,112.23749208852
238,AAPL,2015-12-11,109.34870753705
239,AAPL,2015-12-14,108.67240346145
240,AAPL,2015-12-15,106.7497675894
241,AAPL,2015-12-16,107.57099396691
242,AAPL,2015-12-17,105.29088308347
243,AAPL,2015-12-18,102.44074447918
244,AAPL,2015-12-21,103.69673776242
245,AAPL,2015-12-22,103.60012289448
246,AAPL,2015-12-23,104.93340807209
247,AAPL,2015-12-24,104.37304183802
248,AAPL,2015-12-28,103.20400193592
249,AAPL,2015-12-29,105.05900740041
250,AAPL,2015-12-30,103.68707627563
251,AAPL,2015-12-31,101.69680999602
252,AAPL,2016-01-04,101.78376337717
253,AAPL,2016-01-05,99.233130863492
254,AAPL,2016-01-06,97.291172017853
255,AAPL,2016-01-07,93.185040130307
256,AAPL,2016-01-08,93.677775956812
257,AAPL,2016-01-11,95.194629383506
258,AAPL,2016-01-12,96.57622199508
259,AAPL,2016-01-13,94.093219888964
260,AAPL,2016-01-14,96.151116576134
261,AAPL,2016-01-15,93.842021232314
262,AAPL,2016-01-19,93.387931352986
263,AAPL,2016-01-20,93.513530681311
264,AAPL,2016-01-21,93.040117828394
265,AAPL,2016-01-22,97.986799067037
266,AAPL,2016-01-25,96.07382468178
267,AAPL,2016-01-26,96.605206455463
268,AAPL,2016-01-27,90.257609631657
269,AAPL,2016-01-28,90.90492924687
270,AAPL,2016-01-29,94.044912454993
271,AAPL,2016-02-01,93.165717156719
272,AAPL,2016-02-02,91.281727231844
273,AAPL,2016-02-03,93.088425262365
274,AAPL,2016-02-04,93.83235974552
275,AAPL,2016-02-05,91.32627808772
276,AAPL,2016-02-08,92.28791407269
277,AAPL,2016-02-09,92.268487083095
278,AAPL,2016-02-10,91.569115457662
279,AAPL,2016-02-11,91.015446254195
280,AAPL,2016-02-12,91.297137603327
281,AAPL,2016-02-16,93.871213724711
282,AAPL,2016-02-17,95.308810954766
283,AAPL,2016-02-18,93.502100922399
284,AAPL,2016-02-19,93.28840403685
285,AAPL,2016-02-22,94.104337599855
286,AAPL,2016-02-23,91.977082239165
287,AAPL,2016-02-24,93.346685005636
288,AAPL,2016-02-25,93.987775662283
289,AAPL,2016-02-26,94.133478084248
290,AAPL,2016-02-29,93.919781198699
291,AAPL,2016-03-01,97.649763201006
292,AAPL,2016-03-02,97.863460086554
293,AAPL,2016-03-03,98.59197219638
294,AAPL,2016-03-04,100.05870991083
295,AAPL,2016-03-07,98.951371503894
296,AAPL,2016-03-08,98.135437940889
297,AAPL,2016-03-09,98.222859394068
298,AAPL,2016-03-10,98.271426868057
299,AAPL,2016-03-11,99.330197801003
300,AAPL,2016-03-14,99.582748665742
301,AAPL,2016-03-15,101.58372859406
302,AAPL,2016-03-16,102.93390437094
303,AAPL,2016-03-17,102.76877495938
304,AAPL,2016-03-18,102.88533689695
305,AAPL,2016-03-21,102.87562340215
306,AAPL,2016-03-22,103.66241648077
307,AAPL,2016-03-23,103.0893202877
308,AAPL,2016-03-24,102.64249952701
309,AAPL,2016-03-28,102.17625177672
310,AAPL,2016-03-29,104.59491198134
311,AAPL,2016-03-30,106.4210490033
312,AAPL,2016-03-31,105.86737979984
313,AAPL,2016-04-01,106.8387292796
314,AAPL,2016-04-04,107.93635419174
315,AAPL,2016-04-05,106.66388637325
316,AAPL,2016-04-06,107.78093827498
317,AAPL,2016-04-07,105.43027253394
318,AAPL,2016-04-08,105.54683447151
319,AAPL,2016-04-11,105.89652028423
320,AAPL,2016-04-12,107.2758365455
321,AAPL,2016-04-13,108.82999571313
322,AAPL,2016-04-14,108.88827668191
323,AAPL,2016-04-15,106.70274035244
324,AAPL,2016-04-18,104.40064208539
325,AAPL,2016-04-19,103.84697288192
326,AAPL,2016-04-20,104.06066976747
327,AAPL,2016-04-21,102.93390437094
328,AAPL,2016-04-22,102.65221302181
329,AAPL,2016-04-25,102.06940333395
330,AAPL,2016-04-26,101.36031821372
331,AAPL,2016-04-27,95.017406110836
332,AAPL,2016-04-28,92.113071166332
333,AAPL,2016-04-29,91.054300233386
334,AAPL,2016-05-02,90.957165285409
335,AAPL,2016-05-03,92.453043484251
336,AAPL,2016-05-04,91.491407499281
337,AAPL,2016-05-05,91.122294696969
338,AAPL,2016-05-06,90.614105151255
339,AAPL,2016-05-09,90.682515282409
340,AAPL,2016-05-10,91.298206462794
341,AAPL,2016-05-11,90.408874757793
342,AAPL,2016-05-12,88.288160692023
343,AAPL,2016-05-13,88.464072457847
344,AAPL,2016-05-16,91.747758753233
345,AAPL,2016-05-17,91.366616593947
346,AAPL,2016-05-18,92.412314313014
347,AAPL,2016-05-19,92.060490781365
348,AAPL,2016-05-20,93.057324121036
349,AAPL,2016-05-23,94.23984210241
350,AAPL,2016-05-24,95.676454856642
351,AAPL,2016-05-25,97.357389507852
352,AAPL,2016-05-26,98.129446702303
353,AAPL,2016-05-27,98.070809447028
354,AAPL,2016-05-31,97.591938528951
355,AAPL,2016-06-01,96.223735905873
356,AAPL,2016-06-02,95.500543090818
357,AAPL,2016-06-03,95.6960006084
358,AAPL,2016-06-06,96.389874795818
359,AAPL,2016-06-07,96.780789830983
360,AAPL,2016-06-08,96.692833948071
361,AAPL,2016-06-09,97.386708135489
362,AAPL,2016-06-10,96.585332313401
363,AAPL,2016-06-13,95.129173807411
364,AAPL,2016-06-14,95.24644831796
365,AAPL,2016-06-15,94.933716289828
366,AAPL,2016-06-16,95.334404200873
367,AAPL,2016-06-17,93.164825755707
368,AAPL,2016-06-20,92.940049610487
369,AAPL,2016-06-21,93.731652556696
370,AAPL,2016-06-22,93.379829025047
371,AAPL,2016-06-23,93.917337198399
372,AAPL,2016-06-24,91.278660711035
373,AAPL,2016-06-27,89.949549591474
374,AAPL,2016-06-28,91.464345352739
375,AAPL,2016-06-29,92.255948298948
376,AAPL,2016-06-30,93.428693404443
377,AAPL,2016-07-01,93.712106804938
378,AAPL,2016-07-05,92.832547975816
379,AAPL,2016-07-06,93.360283273289
380,AAPL,2016-07-07,93.760971184333
381,AAPL,2016-07-08,94.484163999389
382,AAPL,2016-07-11,94.777350275762
383,AAPL,2016-07-12,95.207356814444
384,AAPL,2016-07-13,94.669848641092
385,AAPL,2016-07-14,96.546240809884
386,AAPL,2016-07-15,96.536467934005
387,AAPL,2016-07-18,97.562619901313
388,AAPL,2016-07-19,97.60171140483
389,AAPL,2016-07-20,97.689667287742
390,AAPL,2016-07-21,97.171704866148
391,AAPL,2016-07-22,96.419193423456
392,AAPL,2016-07-25,95.129173807411
393,AAPL,2016-07-26,94.47439112351
394,AAPL,2016-07-27,100.6117571756
395,AAPL,2016-07-28,101.9701869228
396,AAPL,2016-07-29,101.84313953637
397,AAPL,2016-08-01,103.64134869813
398,AAPL,2016-08-02,102.10700718511
399,AAPL,2016-08-03,103.38725392527
400,AAPL,2016-08-04,104.02249085742
401,AAPL,2016-08-05,105.60439517668
402,AAPL,2016-08-08,106.47886402397
403,AAPL,2016-08-09,106.91118570129
404,AAPL,2016-08-10,106.11532079532
405,AAPL,2016-08-11,106.04654234666
406,AAPL,2016-08-12,106.29217966332
407,AAPL,2016-08-15,107.56949370993
408,AAPL,2016-08-16,107.47123878326
409,AAPL,2016-08-17,107.3140309006
410,AAPL,2016-08-18,107.17647400328
411,AAPL,2016-08-19,107.45158779793
412,AAPL,2016-08-22,106.6164209213
413,AAPL,2016-08-23,106.95048767195
414,AAPL,2016-08-24,106.14479727332
415,AAPL,2016-08-25,105.69282461068
416,AAPL,2016-08-26,105.0738185727
417,AAPL,2016-08-29,104.95591266071
418,AAPL,2016-08-30,104.15022226208
419,AAPL,2016-08-31,104.24847718874
420,AAPL,2016-09-01,104.86748322671
421,AAPL,2016-09-02,105.85003249333
422,AAPL,2016-09-06,105.82055601534
423,AAPL,2016-09-07,106.46903853131
424,AAPL,2016-09-08,103.6785986141
425,AAPL,2016-09-09,101.33030586687
426,AAPL,2016-09-12,103.59999467277
427,AAPL,2016-09-13,106.06619333199
428,AAPL,2016-09-14,109.81953153049
429,AAPL,2016-09-15,113.55321874366
430,AAPL,2016-09-16,112.91456172036
431,AAPL,2016-09-19,111.59794570308
432,AAPL,2016-09-20,111.58812021042
433,AAPL,2016-09-21,111.56846922508
434,AAPL,2016-09-22,112.61979694037
435,AAPL,2016-09-23,110.74312784112
436,AAPL,2016-09-26,110.91016121645
437,AAPL,2016-09-27,111.11649656244
438,AAPL,2016-09-28,111.96148893173
439,AAPL,2016-09-29,110.22237672981
440,AAPL,2016-09-30,111.07719459177
441,AAPL,2016-10-03,110.55644348046
442,AAPL,2016-10-04,111.02806712844
443,AAPL,2016-10-05,111.07719459177
444,AAPL,2016-10-06,111.90253597573
445,AAPL,2016-10-07,112.06956935106
446,AAPL,2016-10-10,114.02484239164
447,AAPL,2016-10-11,114.2704797083
448,AAPL,2016-10-12,115.29233094559
449,AAPL,2016-10-13,114.9386132096
450,AAPL,2016-10-14,115.57727023291
451,AAPL,2016-10-17,115.49866629158
452,AAPL,2016-10-18,115.42006235025
453,AAPL,2016-10-19,115.07617010693
454,AAPL,2016-10-20,115.01721715093
455,AAPL,2016-10-21,114.56524448828
456,AAPL,2016-10-24,115.59692121824
457,AAPL,2016-10-25,116.18645077821
458,AAPL,2016-10-26,113.57286972899
459,AAPL,2016-10-27,112.48224004304
460,AAPL,2016-10-28,111.73550260041
461,AAPL,2016-10-31,111.55864373242
462,AAPL,2016-11-01,109.54441773584
463,AAPL,2016-11-02,109.6426726625
464,AAPL,2016-11-03,108.47343903522
465,AAPL,2016-11-04,107.49566698164
466,AAPL,2016-11-07,109.04627518782
467,AAPL,2016-11-08,109.68824673815
468,AAPL,2016-11-09,109.51047000114
469,AAPL,2016-11-10,106.45863601572
470,AAPL,2016-11-11,107.09073108066
471,AAPL,2016-11-14,104.40432705466
472,AAPL,2016-11-15,105.78703500922
473,AAPL,2016-11-16,108.63146280145
474,AAPL,2016-11-17,108.5919568599
475,AAPL,2016-11-18,108.70059819918
476,AAPL,2016-11-21,110.34997125926
477,AAPL,2016-11-22,110.41910665699
478,AAPL,2016-11-23,109.85614698978
479,AAPL,2016-11-25,110.4092301716
480,AAPL,2016-11-28,110.19194749303
481,AAPL,2016-11-29,110.08330615374
482,AAPL,2016-11-30,109.15491652711
483,AAPL,2016-12-01,108.13763853197
484,AAPL,2016-12-02,108.54257443295
485,AAPL,2016-12-05,107.76233208716
486,AAPL,2016-12-06,108.5919568599
487,AAPL,2016-12-07,109.65861728198
488,AAPL,2016-12-08,110.73515418946
489,AAPL,2016-12-09,112.54255101578
490,AAPL,2016-12-12,111.90057946545
491,AAPL,2016-12-13,113.76723520411
492,AAPL,2016-12-14,113.76723520411
493,AAPL,2016-12-15,114.38945378366
494,AAPL,2016-12-16,114.5376010645
495,AAPL,2016-12-19,115.19932558561
496,AAPL,2016-12-20,115.50549663269
497,AAPL,2016-12-21,115.61413797198
498,AAPL,2016-12-22,114.85364859697
499,AAPL,2016-12-23,115.08080776094
500,AAPL,2016-12-27,115.81166767978
501,AAPL,2016-12-28,115.31784341029
502,AAPL,2016-12-29,115.28821395412
503,AAPL,2016-12-30,114.38945378366
504,AAPL,2017-01-03,114.71537780152
505,AAPL,2017-01-04,114.58698349145
506,AAPL,2017-01-05,115.16969612944
507,AAPL,2017-01-06,116.45363923011
508,AAPL,2017-01-09,117.5202996522
509,AAPL,2017-01-10,117.63881747687
510,AAPL,2017-01-11,118.27091254181
511,AAPL,2017-01-12,117.77708827233
512,AAPL,2017-01-13,117.56968207915
513,AAPL,2017-01-17,118.51782467656
514,AAPL,2017-01-18,118.50794819117
515,AAPL,2017-01-19,118.30054199798
516,AAPL,2017-01-20,118.51782467656
517,AAPL,2017-01-23,118.59683655968
518,AAPL,2017-01-24,118.48819522039
519,AAPL,2017-01-25,120.37460392982
520,AAPL,2017-01-26,120.43386284216
521,AAPL,2017-01-27,120.44373932755
522,AAPL,2017-01-30,120.12769179508
523,AAPL,2017-01-31,119.85115020417
524,AAPL,2017-02-01,127.15974939256
525,AAPL,2017-02-02,126.94246671398
526,AAPL,2017-02-03,127.48567341042
527,AAPL,2017-02-06,128.68072814257
528,AAPL,2017-02-07,129.9054123309
529,AAPL,2017-02-08,130.40911308577
530,AAPL,2017-02-09,131.34737919779
531,AAPL,2017-02-10,131.04980924039
532,AAPL,2017-02-13,132.21033207426
533,AAPL,2017-02-14,133.92631882862
534,AAPL,2017-02-15,134.41234975905
535,AAPL,2017-02-16,134.24868628248
536,AAPL,2017-02-17,134.62064872923
537,AAPL,2017-02-21,135.59271059008
538,AAPL,2017-02-22,135.99938953187
539,AAPL,2017-02-23,135.42408761422
540,AAPL,2017-02-24,135.55303459576
541,AAPL,2017-02-27,135.82084755742
542,AAPL,2017-02-28,135.8803615489
543,AAPL,2017-03-01,138.65768115133
544,AAPL,2017-03-02,137.83440426919
545,AAPL,2017-03-03,138.64776215275
546,AAPL,2017-03-06,138.21132621523
547,AAPL,2017-03-07,138.38986818967
548,AAPL,2017-03-08,137.87408026351
549,AAPL,2017-03-09,137.55667230894
550,AAPL,2017-03-10,138.01294624363
551,AAPL,2017-03-13,138.07246023511
552,AAPL,2017-03-14,137.86416126493
553,AAPL,2017-03-15,139.3222540562
554,AAPL,2017-03-16,139.55039102354
555,AAPL,2017-03-17,138.85606112294
556,AAPL,2017-03-20,140.31415391421
557,AAPL,2017-03-21,138.70727614424
558,AAPL,2017-03-22,140.27447791989
559,AAPL,2017-03-23,139.77852799089
560,AAPL,2017-03-24,139.50079603064
561,AAPL,2017-03-27,139.73885199657
562,AAPL,2017-03-28,142.63519958196
563,AAPL,2017-03-29,142.95260753652
564,AAPL,2017-03-30,142.7641465635
565,AAPL,2017-03-31,142.49633360184
566,AAPL,2017-04-03,142.53600959616
567,AAPL,2017-04-04,143.59734244423
568,AAPL,2017-04-05,142.85341755072
569,AAPL,2017-04-06,142.49633360184
570,AAPL,2017-04-07,142.17892564727
571,AAPL,2017-04-10,142.01030267141
572,AAPL,2017-04-11,140.48277689007
573,AAPL,2017-04-12,140.65139986594
574,AAPL,2017-04-13,139.90747497243
575,AAPL,2017-04-17,140.68115686168
576,AAPL,2017-04-18,140.05625995113
577,AAPL,2017-04-19,139.54047202496
578,AAPL,2017-04-20,141.28621577506
579,AAPL,2017-04-21,141.1175927992
580,AAPL,2017-04-24,142.47649560468
581,AAPL,2017-04-25,143.36920547689
582,AAPL,2017-04-26,142.48720812314
583,AAPL,2017-04-27,142.62528058338
584,AAPL,2017-04-28,142.48641460326
585,AAPL,2017-05-01,145.41251918439
586,AAPL,2017-05-02,146.31514805518
587,AAPL,2017-05-03,145.86879311907
588,AAPL,2017-05-04,145.34308619433
589,AAPL,2017-05-05,147.75340284929
590,AAPL,2017-05-08,151.76067827566
591,AAPL,2017-05-09,152.71290213935
592,AAPL,2017-05-10,152.01857223874
593,AAPL,2017-05-11,153.32788005131
594,AAPL,2017-05-12,155.46919178961
595,AAPL,2017-05-15,155.07080821039
596,AAPL,2017-05-16,154.84173765234
597,AAPL,2017-05-17,149.64283194355
598,AAPL,2017-05-18,151.92357793457
599,AAPL,2017-05-19,152.34188069275
600,AAPL,2017-05-22,153.36771840924
601,AAPL,2017-05-23,153.17848620911
602,AAPL,2017-05-24,152.72034509301
603,AAPL,2017-05-25,153.24820333547
604,AAPL,2017-05-26,152.98925400898
605,AAPL,2017-05-30,153.04901154586
606,AAPL,2017-05-31,152.14268890314
607,AAPL,2017-06-01,152.56099166132
608,AAPL,2017-06-02,154.82181847338
609,AAPL,2017-06-05,153.30796087235
610,AAPL,2017-06-06,153.82585952534
611,AAPL,2017-06-07,154.74214175754
612,AAPL,2017-06-08,154.36367735728
613,AAPL,2017-06-09,148.37796407954
614,AAPL,2017-06-12,144.7327543297
615,AAPL,2017-06-13,145.99762219371
616,AAPL,2017-06-14,144.57340089801
617,AAPL,2017-06-15,143.70691661321
618,AAPL,2017-06-16,141.69507953817
619,AAPL,2017-06-19,145.7486324567
620,AAPL,2017-06-20,144.4240070558
621,AAPL,2017-06-21,145.28053175112
622,AAPL,2017-06-22,145.04150160359
623,AAPL,2017-06-23,145.75859204618
624,AAPL,2017-06-26,145.23073380372
625,AAPL,2017-06-27,143.15913919179
626,AAPL,2017-06-28,145.2406933932
627,AAPL,2017-06-29,143.09938165491
628,AAPL,2017-06-30,143.43800769724
629,AAPL,2017-07-03,142.92010904426
630,AAPL,2017-07-05,143.5077248236
631,AAPL,2017-07-06,142.15322065427
632,AAPL,2017-07-07,143.59736112893
633,AAPL,2017-07-10,144.47380500321
634,AAPL,2017-07-11,144.94190570879
635,AAPL,2017-07-12,145.15105708788
636,AAPL,2017-07-13,147.17285375241
637,AAPL,2017-07-14,148.43772161642
638,AAPL,2017-07-17,148.9556202694
639,AAPL,2017-07-18,149.47351892239
640,AAPL,2017-07-19,150.40972033355
641,AAPL,2017-07-20,149.73246824888
642,AAPL,2017-07-21,149.66275112251
643,AAPL,2017-07-24,151.47539640795
644,AAPL,2017-07-25,152.12276972418
645,AAPL,2017-07-26,152.83986016677
646,AAPL,2017-07-27,149.95157921745
647,AAPL,2017-07-28,148.89586273252
648,AAPL,2017-07-31,148.24848941629
649,AAPL,2017-08-01,149.44364015394
650,AAPL,2017-08-02,156.50498909557
651,AAPL,2017-08-03,154.94133354715
652,AAPL,2017-08-04,155.75801988454
653,AAPL,2017-08-08,159.43310840282
654,AAPL,2017-08-09,160.40914817191
655,AAPL,2017-08-10,155.27
656,AAPL,2017-08-11,157.48
657,AAPL,2017-08-14,159.85
658,AAPL,2017-08-15,161.6
659,AAPL,2017-08-16,160.95
660,AAPL,2017-08-17,157.87
661,AAPL,2017-08-18,157.5
662,AAPL,2017-08-21,157.21
663,AAPL,2017-08-22,159.78
664,AAPL,2017-08-23,159.98
665,AAPL,2017-08-24,159.27
666,AAPL,2017-08-25,159.86
667,AAPL,2017-08-28,161.47
668,AAPL,2017-08-29,162.91
669,AAPL,2017-08-30,163.35
670,AAPL,2017-08-31,164.0
671,AAPL,2017-09-01,164.05
672,AAPL,2017-09-05,162.08
673,AAPL,2017-09-06,161.91
674,AAPL,2017-09-07,161.26
675,AAPL,2017-09-08,158.63
676,AAPL,2017-09-11,161.5
677,AAPL,2017-09-12,160.82
678,AAPL,2017-09-13,159.65
679,AAPL,2017-09-14,158.28
680,AAPL,2017-09-15,159.88
681,AAPL,2017-09-18,158.67
682,AAPL,2017-09-19,158.73
683,AAPL,2017-09-20,156.07
684,AAPL,2017-09-21,153.39
685,AAPL,2017-09-22,151.89
686,AAPL,2017-09-25,150.55
687,AAPL,2017-09-26,153.14
688,AAPL,2017-09-27,154.23
689,AAPL,2017-09-28,153.28
690,AAPL,2017-09-29,154.12
691,AAPL,2017-10-02,153.81
692,AAPL,2017-10-03,154.48
693,AAPL,2017-10-04,153.4508
694,AAPL,2017-10-05,155.39
695,AAPL,2017-10-06,155.3
696,AAPL,2017-10-09,155.84
697,AAPL,2017-10-10,155.9
698,AAPL,2017-10-11,156.55
699,AAPL,2017-10-12,156.0
700,AAPL,2017-10-13,156.99
701,AAPL,2017-10-16,159.88
702,AAPL,2017-10-17,160.47
703,AAPL,2017-10-18,159.76
704,AAPL,2017-10-19,155.98
705,AAPL,2017-10-20,156.16
706,AAPL,2017-10-23,156.17
707,AAPL,2017-10-24,157.1
708,AAPL,2017-10-25,156.405
709,AAPL,2017-10-26,157.41
710,AAPL,2017-10-27,163.05
711,AAPL,2017-10-30,166.72
712,AAPL,2017-10-31,169.04
713,AAPL,2017-11-01,166.89
714,AAPL,2017-11-02,168.11
715,AAPL,2017-11-03,172.5
716,AAPL,2017-11-06,174.25
717,AAPL,2017-11-07,174.81
718,AAPL,2017-11-09,175.88
719,AAPL,2017-11-10,174.67
720,AAPL,2017-11-13,173.97
721,AAPL,2017-11-14,171.34
722,AAPL,2017-11-15,169.08
723,AAPL,2017-11-16,171.1
724,AAPL,2017-11-17,170.15
725,AAPL,2017-11-20,169.98
726,AAPL,2017-11-21,173.14
727,AAPL,2017-11-22,174.96
728,AAPL,2017-11-24,174.97
729,AAPL,2017-11-27,174.09
730,AAPL,2017-11-28,173.07
731,AAPL,2017-11-29,169.48
732,AAPL,2017-11-30,171.85
733,AAPL,2017-12-01,171.05
734,AAPL,2017-12-04,169.8
735,AAPL,2017-12-05,169.64
736,AAPL,2017-12-06,169.01
737,AAPL,2017-12-07,169.452
738,AAPL,2017-12-08,169.37
739,AAPL,2017-12-11,172.67
740,AAPL,2017-12-12,171.7
741,AAPL,2017-12-13,172.27
742,AAPL,2017-12-14,172.22
743,AAPL,2017-12-15,173.87
744,AAPL,2017-12-18,176.42
745,AAPL,2017-12-19,174.54
746,AAPL,2017-12-20,174.35
747,AAPL,2017-12-21,175.01
748,AAPL,2017-12-22,175.01
749,AAPL,2017-12-26,170.57
750,AAPL,2017-12-27,170.6
751,AAPL,2017-12-28,171.08
752,AAPL,2017-12-29,169.23
753,MSFT,2015-01-02,43.344312280166
754,MSFT,2015-01-05,42.941087818193
755,MSFT,2015-01-06,42.315394687544
756,MSFT,2015-01-07,42.853027303509
757,MSFT,2015-01-08,44.113683092667
758,MSFT,2015-01-09,43.742901978208
759,MSFT,2015-01-12,43.195999834383
760,MSFT,2015-01-13,42.968896401777
761,MSFT,2015-01-14,42.598115287319
762,MSFT,2015-01-15,42.1578127139
763,MSFT,2015-01-16,42.86229683137
764,MSFT,2015-01-20,43.001339749292
765,MSFT,2015-01-21,42.565671939804
766,MSFT,2015-01-22,43.68728481104
767,MSFT,2015-01-23,43.733632450347
768,MSFT,2015-01-26,43.576050476702
769,MSFT,2015-01-27,39.543805856969
770,MSFT,2015-01-28,38.181185261335
771,MSFT,2015-01-29,38.941286545974
772,MSFT,2015-01-30,37.44889256028
773,MSFT,2015-02-02,38.264611012088
774,MSFT,2015-02-03,38.561235903655
775,MSFT,2015-02-04,38.78370457233
776,MSFT,2015-02-05,39.349145771879
777,MSFT,2015-02-06,39.312067660433
778,MSFT,2015-02-09,39.265720021125
779,MSFT,2015-02-10,39.4881886898
780,MSFT,2015-02-11,39.284259076848
781,MSFT,2015-02-12,39.942395555012
782,MSFT,2015-02-13,40.665418728205
783,MSFT,2015-02-17,40.683957783928
784,MSFT,2015-02-18,40.637280457421
785,MSFT,2015-02-19,40.609274061516
786,MSFT,2015-02-20,40.940683079719
787,MSFT,2015-02-23,41.216079306113
788,MSFT,2015-02-24,41.160066514305
789,MSFT,2015-02-25,41.06671186129
790,MSFT,2015-02-26,41.127392385749
791,MSFT,2015-02-27,40.936015347069
792,MSFT,2015-03-02,40.964021742973
793,MSFT,2015-03-03,40.403893824883
794,MSFT,2015-03-04,40.193845855599
795,MSFT,2015-03-05,40.245190914758
796,MSFT,2015-03-06,39.545031017145
797,MSFT,2015-03-09,40.002468816919
798,MSFT,2015-03-10,39.236960662196
799,MSFT,2015-03-11,39.190283335688
800,MSFT,2015-03-12,38.294078666745
801,MSFT,2015-03-13,38.630155417599
802,MSFT,2015-03-16,38.798193793026
803,MSFT,2015-03-17,38.924222574596
804,MSFT,2015-03-18,39.675727531366
805,MSFT,2015-03-19,39.475015027384
806,MSFT,2015-03-20,40.030475212823
807,MSFT,2015-03-23,40.00713654957
808,MSFT,2015-03-24,40.049146143426
809,MSFT,2015-03-25,38.704839140011
810,MSFT,2015-03-26,38.471452507473
811,MSFT,2015-03-27,38.247401340237
812,MSFT,2015-03-30,38.238065874936
813,MSFT,2015-03-31,37.95333418324
814,MSFT,2015-04-01,38.0140147077
815,MSFT,2015-04-02,37.612589699735
816,MSFT,2015-04-06,38.784190595073
817,MSFT,2015-04-07,38.770187397121
818,MSFT,2015-04-08,38.667497278805
819,MSFT,2015-04-09,38.723510070614
820,MSFT,2015-04-10,38.947561237849
821,MSFT,2015-04-13,38.984903099055
822,MSFT,2015-04-14,38.882212980739
823,MSFT,2015-04-15,39.44700863148
824,MSFT,2015-04-16,39.358321711115
825,MSFT,2015-04-17,38.849538852184
826,MSFT,2015-04-20,40.053813876077
827,MSFT,2015-04-21,39.801756312937
828,MSFT,2015-04-22,40.128497598489
829,MSFT,2015-04-23,40.459906616692
830,MSFT,2015-04-24,44.688872398271
831,MSFT,2015-04-27,44.838239843095
832,MSFT,2015-04-28,45.888479689513
833,MSFT,2015-04-29,45.799792769149
834,MSFT,2015-04-30,45.407703226486
835,MSFT,2015-05-01,45.421706424438
836,MSFT,2015-05-04,45.034284614426
837,MSFT,2015-05-05,44.43681483513
838,MSFT,2015-05-06,43.204533415333
839,MSFT,2015-05-07,43.596622957995
840,MSFT,2015-05-08,44.576846814653
841,MSFT,2015-05-11,44.222099133196
842,MSFT,2015-05-12,44.203428202593
843,MSFT,2015-05-13,44.460153498384
844,MSFT,2015-05-14,45.482386948898
845,MSFT,2015-05-15,45.085629673584
846,MSFT,2015-05-18,44.819568912492
847,MSFT,2015-05-19,44.707543328874
848,MSFT,2015-05-20,44.707543328874
849,MSFT,2015-05-21,44.557202703976
850,MSFT,2015-05-22,44.06859567306
851,MSFT,2015-05-26,43.777310712321
852,MSFT,2015-05-27,44.735732196042
853,MSFT,2015-05-28,44.585391571145
854,MSFT,2015-05-29,44.031010516835
855,MSFT,2015-06-01,44.378673211911
856,MSFT,2015-06-02,44.087388251172
857,MSFT,2015-06-03,44.021614227779
858,MSFT,2015-06-04,43.561196064031
859,MSFT,2015-06-05,43.354477704797
860,MSFT,2015-06-08,42.969229853497
861,MSFT,2015-06-09,42.894059541048
862,MSFT,2015-06-10,43.796103290433
863,MSFT,2015-06-11,43.63636637648
864,MSFT,2015-06-12,43.194740790843
865,MSFT,2015-06-15,42.729624482567
866,MSFT,2015-06-16,43.063192744058
867,MSFT,2015-06-17,43.194740790843
868,MSFT,2015-06-18,43.89946247005
869,MSFT,2015-06-19,43.316892548572
870,MSFT,2015-06-22,43.439044306302
871,MSFT,2015-06-23,43.138363056507
872,MSFT,2015-06-24,42.879965107464
873,MSFT,2015-06-25,42.894059541048
874,MSFT,2015-06-26,42.527604267861
875,MSFT,2015-06-29,41.691334541869
876,MSFT,2015-06-30,41.484616182635
877,MSFT,2015-07-01,41.76180670979
878,MSFT,2015-07-02,41.719523409037
879,MSFT,2015-07-06,41.710127119981
880,MSFT,2015-07-07,41.625560518476
881,MSFT,2015-07-08,41.56918278414
882,MSFT,2015-07-09,41.83227887771
883,MSFT,2015-07-10,41.916845479215
884,MSFT,2015-07-13,42.790700361431
885,MSFT,2015-07-14,42.86587067388
886,MSFT,2015-07-15,42.997418720665
887,MSFT,2015-07-16,43.843084735714
888,MSFT,2015-07-17,43.805499579489
889,MSFT,2015-07-20,44.087388251172
890,MSFT,2015-07-21,44.425654657191
891,MSFT,2015-07-22,42.790700361431
892,MSFT,2015-07-23,43.326288837629
893,MSFT,2015-07-24,43.166551923675
894,MSFT,2015-07-27,42.612170869366
895,MSFT,2015-07-28,42.60277458031
896,MSFT,2015-07-29,43.495422040638
897,MSFT,2015-07-30,44.049803094947
898,MSFT,2015-07-31,43.880669891938
899,MSFT,2015-08-03,43.984029071555
900,MSFT,2015-08-04,44.669958172649
901,MSFT,2015-08-05,44.707543328874
902,MSFT,2015-08-06,43.805499579489
903,MSFT,2015-08-07,43.918255048162
904,MSFT,2015-08-10,44.472636102471
905,MSFT,2015-08-11,43.608177509311
906,MSFT,2015-08-12,43.918255048162
907,MSFT,2015-08-13,43.908858759106
908,MSFT,2015-08-14,44.162558563621
909,MSFT,2015-08-17,44.463239813415
910,MSFT,2015-08-18,44.707543328874
911,MSFT,2015-08-19,44.083321230353
912,MSFT,2015-08-20,43.184819724907
913,MSFT,2015-08-21,40.735220883744
914,MSFT,2015-08-24,39.420571312618
915,MSFT,2015-08-25,38.276164131997
916,MSFT,2015-08-26,40.394736102733
917,MSFT,2015-08-27,41.520227462187
918,MSFT,2015-08-28,41.548601193937
919,MSFT,2015-08-31,41.160826860008
920,MSFT,2015-09-01,39.552982060789
921,MSFT,2015-09-02,41.00950029067
922,MSFT,2015-09-03,41.141911038841
923,MSFT,2015-09-04,40.300156996897
924,MSFT,2015-09-08,41.510769551603
925,MSFT,2015-09-09,40.735220883744
926,MSFT,2015-09-10,40.943294916584
927,MSFT,2015-09-11,41.122995217674
928,MSFT,2015-09-14,40.706847151993
929,MSFT,2015-09-15,41.595890746856
930,MSFT,2015-09-16,41.898543885532
931,MSFT,2015-09-17,41.851254332614
932,MSFT,2015-09-18,41.122995217674
933,MSFT,2015-09-21,41.718843584443
934,MSFT,2015-09-22,41.520227462187
935,MSFT,2015-09-23,41.491853730436
936,MSFT,2015-09-24,41.52968537277
937,MSFT,2015-09-25,41.558059104521
938,MSFT,2015-09-28,40.943294916584
939,MSFT,2015-09-29,41.085163575339
940,MSFT,2015-09-30,41.803964779696
941,MSFT,2015-10-01,42.191739113625
942,MSFT,2015-10-02,43.099698529655
943,MSFT,2015-10-05,44.102237051521
944,MSFT,2015-10-06,44.215731978524
945,MSFT,2015-10-07,44.263021531443
946,MSFT,2015-10-08,44.877785719379
947,MSFT,2015-10-09,44.556216759535
948,MSFT,2015-10-12,44.452179743115
949,MSFT,2015-10-13,44.348142726695
950,MSFT,2015-10-14,44.149526604439
951,MSFT,2015-10-15,44.461637653699
952,MSFT,2015-10-16,44.934533182881
953,MSFT,2015-10-19,45.038570199301
954,MSFT,2015-10-20,45.180438858056
955,MSFT,2015-10-21,44.641337954788
956,MSFT,2015-10-22,45.42634453323
957,MSFT,2015-10-23,50.003973255713
958,MSFT,2015-10-26,51.309164916256
959,MSFT,2015-10-27,50.779521923572
960,MSFT,2015-10-28,51.053801330497
961,MSFT,2015-10-29,50.467410874311
962,MSFT,2015-10-30,49.786441312289
963,MSFT,2015-11-02,50.353915947308
964,MSFT,2015-11-03,51.214585810419
965,MSFT,2015-11-04,51.45103357501
966,MSFT,2015-11-05,51.432117753843
967,MSFT,2015-11-06,51.94284492536
968,MSFT,2015-11-09,51.224043721003
969,MSFT,2015-11-10,50.609279533066
970,MSFT,2015-11-11,50.741690281237
971,MSFT,2015-11-12,50.429579231977
972,MSFT,2015-11-13,49.975599523962
973,MSFT,2015-11-16,50.850456252949
974,MSFT,2015-11-17,50.439037142561
975,MSFT,2015-11-18,51.276989807946
976,MSFT,2015-11-19,51.36268951236
977,MSFT,2015-11-20,51.600744246845
978,MSFT,2015-11-23,51.600744246845
979,MSFT,2015-11-24,51.657877383121
980,MSFT,2015-11-25,51.124634777876
981,MSFT,2015-11-27,51.353167322981
982,MSFT,2015-11-30,51.753099276915
983,MSFT,2015-12-01,52.58152975292
984,MSFT,2015-12-02,52.572007563541
985,MSFT,2015-12-03,51.610266436224
986,MSFT,2015-12-04,53.238560820097
987,MSFT,2015-12-07,53.143338926304
988,MSFT,2015-12-08,53.124294547545
989,MSFT,2015-12-09,52.352997207815
990,MSFT,2015-12-10,52.629140699817
991,MSFT,2015-12-11,51.476955784913
992,MSFT,2015-12-14,52.505352237885
993,MSFT,2015-12-15,52.562485374162
994,MSFT,2015-12-16,53.448048986444
995,MSFT,2015-12-17,53.03859484313
996,MSFT,2015-12-18,51.543611110568
997,MSFT,2015-12-21,52.210164367125
998,MSFT,2015-12-22,52.705318214852
999,MSFT,2015-12-23,53.152861115683
1000,MSFT,2015-12-24,53.010028274992
1001,MSFT,2015-12-28,53.276649577615
1002,MSFT,2015-12-29,53.847980940378
1003,MSFT,2015-12-30,53.619448395272
1004,MSFT,2015-12-31,52.829106676784
1005,MSFT,2016-01-04,52.181597798987
1006,MSFT,2016-01-05,52.419652533471
1007,MSFT,2016-01-06,51.467433595533
1008,MSFT,2016-01-07,49.67726199221
1009,MSFT,2016-01-08,49.82961702228
1010,MSFT,2016-01-11,49.801050454142
1011,MSFT,2016-01-12,50.258115544352
1012,MSFT,2016-01-13,49.172585955103
1013,MSFT,2016-01-14,50.572347793872
1014,MSFT,2016-01-15,48.553643645444
1015,MSFT,2016-01-19,48.144189502131
1016,MSFT,2016-01-20,48.363199857856
1017,MSFT,2016-01-21,48.068011987096
1018,MSFT,2016-01-22,49.791528264763
1019,MSFT,2016-01-25,49.315418795794
1020,MSFT,2016-01-26,49.67726199221
1021,MSFT,2016-01-27,48.77265400117
1022,MSFT,2016-01-28,49.567756814348
1023,MSFT,2016-01-29,52.457741290988
1024,MSFT,2016-02-01,52.095898094572
1025,MSFT,2016-02-02,50.467603710699
1026,MSFT,2016-02-03,49.667739802831
1027,MSFT,2016-02-04,49.515384772761
1028,MSFT,2016-02-05,47.763301926956
1029,MSFT,2016-02-08,47.049137723502
1030,MSFT,2016-02-09,46.92534926157
1031,MSFT,2016-02-10,47.334803404884
1032,MSFT,2016-02-11,47.315759026125
1033,MSFT,2016-02-12,48.087056365854
1034,MSFT,2016-02-16,48.991664356895
1035,MSFT,2016-02-17,50.267039451721
1036,MSFT,2016-02-18,50.046485863894
1037,MSFT,2016-02-19,49.691682266086
1038,MSFT,2016-02-22,50.487593039549
1039,MSFT,2016-02-23,49.077967934741
1040,MSFT,2016-02-24,49.250575090431
1041,MSFT,2016-02-25,49.960182286049
1042,MSFT,2016-02-26,49.193039371868
1043,MSFT,2016-02-29,48.790289341923
1044,MSFT,2016-03-01,50.420468034558
1045,MSFT,2016-03-02,50.775271632366
1046,MSFT,2016-03-03,50.199914446731
1047,MSFT,2016-03-04,49.893057281058
1048,MSFT,2016-03-07,48.934128638332
1049,MSFT,2016-03-08,49.528664396822
1050,MSFT,2016-03-09,50.669789481667
1051,MSFT,2016-03-10,49.912235853913
1052,MSFT,2016-03-11,50.890343069494
1053,MSFT,2016-03-14,50.986235933766
1054,MSFT,2016-03-15,51.388985963711
1055,MSFT,2016-03-16,52.117771732184
1056,MSFT,2016-03-17,52.415039611429
1057,MSFT,2016-03-18,51.293093099439
1058,MSFT,2016-03-21,51.647896697248
1059,MSFT,2016-03-22,51.84927171222
1060,MSFT,2016-03-23,51.753378847947
1061,MSFT,2016-03-24,51.983521722202
1062,MSFT,2016-03-28,51.341039531575
1063,MSFT,2016-03-29,52.462986043565
1064,MSFT,2016-03-30,52.789021782092
1065,MSFT,2016-03-31,52.961628937783
1066,MSFT,2016-04-01,53.28766467631
1067,MSFT,2016-04-04,53.153414666328
1068,MSFT,2016-04-05,52.319146747156
1069,MSFT,2016-04-06,52.856146787083
1070,MSFT,2016-04-07,52.223253882883
1071,MSFT,2016-04-08,52.184896737174
1072,MSFT,2016-04-11,52.079414586474
1073,MSFT,2016-04-12,52.405450325001
1074,MSFT,2016-04-13,53.07670037491
1075,MSFT,2016-04-14,53.086289661337
1076,MSFT,2016-04-15,53.364378967728
1077,MSFT,2016-04-18,54.141111168336
1078,MSFT,2016-04-19,54.073986163345
1079,MSFT,2016-04-20,53.306843249164
1080,MSFT,2016-04-21,53.489039691282
1081,MSFT,2016-04-22,49.653325120376
1082,MSFT,2016-04-25,49.969771572476
1083,MSFT,2016-04-26,49.327289381849
1084,MSFT,2016-04-27,48.847825060486
1085,MSFT,2016-04-28,47.850539272051
1086,MSFT,2016-04-29,47.821771412769
1087,MSFT,2016-05-02,48.531378608387
1088,MSFT,2016-05-03,47.735467834924
1089,MSFT,2016-05-04,47.821771412769
1090,MSFT,2016-05-05,47.88889641776
1091,MSFT,2016-05-06,48.320414306987
1092,MSFT,2016-05-09,48.013557141314
1093,MSFT,2016-05-10,48.924539351904
1094,MSFT,2016-05-11,48.953307211186
1095,MSFT,2016-05-12,49.39441438684
1096,MSFT,2016-05-13,48.982075070468
1097,MSFT,2016-05-16,49.701271552513
1098,MSFT,2016-05-17,48.780700055495
1099,MSFT,2016-05-18,49.070429020386
1100,MSFT,2016-05-19,48.597205044398
1101,MSFT,2016-05-20,48.886934009289
1102,MSFT,2016-05-23,48.31713371167
1103,MSFT,2016-05-24,49.823724329103
1104,MSFT,2016-05-25,50.335578833744
1105,MSFT,2016-05-26,50.113453293994
1106,MSFT,2016-05-27,50.528731477005
1107,MSFT,2016-05-31,51.185450464091
1108,MSFT,2016-06-01,51.040585981646
1109,MSFT,2016-06-02,50.683253591614
1110,MSFT,2016-06-03,50.016876972364
1111,MSFT,2016-06-06,50.345236465907
1112,MSFT,2016-06-07,50.316263569418
1113,MSFT,2016-06-08,50.25831777644
1114,MSFT,2016-06-09,49.852697225592
1115,MSFT,2016-06-10,49.71749037531
1116,MSFT,2016-06-13,48.423367665463
1117,MSFT,2016-06-14,48.123981068409
1118,MSFT,2016-06-15,47.988774218126
1119,MSFT,2016-06-16,48.664808469539
1120,MSFT,2016-06-17,48.4137100333
1121,MSFT,2016-06-20,48.355764240322
1122,MSFT,2016-06-21,49.437419042582
1123,MSFT,2016-06-22,49.244266399321
1124,MSFT,2016-06-23,50.13276855832
1125,MSFT,2016-06-24,48.123981068409
1126,MSFT,2016-06-27,46.771912565584
1127,MSFT,2016-06-28,47.747333414051
1128,MSFT,2016-06-29,48.809672951985
1129,MSFT,2016-06-30,49.418103778256
1130,MSFT,2016-07-01,49.408446146093
1131,MSFT,2016-07-05,49.418103778256
1132,MSFT,2016-07-06,49.62091405368
1133,MSFT,2016-07-07,49.62091405368
1134,MSFT,2016-07-08,50.509416212679
1135,MSFT,2016-07-11,50.789487545407
1136,MSFT,2016-07-12,51.388260739515
1137,MSFT,2016-07-13,51.677989704406
1138,MSFT,2016-07-14,51.900115244156
1139,MSFT,2016-07-15,51.861484715504
1140,MSFT,2016-07-18,52.112583151743
1141,MSFT,2016-07-19,51.272369153559
1142,MSFT,2016-07-20,53.995821423535
1143,MSFT,2016-07-21,53.889587469741
1144,MSFT,2016-07-22,54.633225146295
1145,MSFT,2016-07-25,54.787747260904
1146,MSFT,2016-07-26,54.816720157393
1147,MSFT,2016-07-27,54.2662351241
1148,MSFT,2016-07-28,54.285550388426
1149,MSFT,2016-07-29,54.739459100089
1150,MSFT,2016-08-01,54.642882778458
1151,MSFT,2016-08-02,54.642882778458
1152,MSFT,2016-08-03,55.019530432817
1153,MSFT,2016-08-04,55.425150983664
1154,MSFT,2016-08-05,55.975636016957
1155,MSFT,2016-08-08,56.072212338588
1156,MSFT,2016-08-09,56.20741918887
1157,MSFT,2016-08-10,56.033581809936
1158,MSFT,2016-08-11,56.303995510501
1159,MSFT,2016-08-12,55.956320752631
1160,MSFT,2016-08-15,56.130158131566
1161,MSFT,2016-08-16,55.821113902349
1162,MSFT,2016-08-17,55.937731828329
1163,MSFT,2016-08-18,55.976604470322
1164,MSFT,2016-08-19,55.996040791318
1165,MSFT,2016-08-22,56.04463159381
1166,MSFT,2016-08-23,56.258431124773
1167,MSFT,2016-08-24,56.316740087763
1168,MSFT,2016-08-25,56.530539618726
1169,MSFT,2016-08-26,56.39448537175
1170,MSFT,2016-08-29,56.462512495238
1171,MSFT,2016-08-30,56.258431124773
1172,MSFT,2016-08-31,55.840550223345
1173,MSFT,2016-09-01,55.966886309824
1174,MSFT,2016-09-02,56.04463159381
1175,MSFT,2016-09-06,55.98632263082
1176,MSFT,2016-09-07,56.034913433312
1177,MSFT,2016-09-08,55.81139574185
1178,MSFT,2016-09-09,54.625780161055
1179,MSFT,2016-09-12,55.442105642914
1180,MSFT,2016-09-13,54.936761297002
1181,MSFT,2016-09-14,54.674370963547
1182,MSFT,2016-09-15,55.578159889891
1183,MSFT,2016-09-16,55.636468852881
1184,MSFT,2016-09-19,55.325487716934
1185,MSFT,2016-09-20,55.208869790955
1186,MSFT,2016-09-21,56.132095038295
1187,MSFT,2016-09-22,56.190404001285
1188,MSFT,2016-09-23,55.81139574185
1189,MSFT,2016-09-26,55.296333235439
1190,MSFT,2016-09-27,56.316740087763
1191,MSFT,2016-09-28,56.39448537175
1192,MSFT,2016-09-29,55.782241260355
1193,MSFT,2016-09-30,55.976604470322
1194,MSFT,2016-10-03,55.801677581352
1195,MSFT,2016-10-04,55.626750692382
1196,MSFT,2016-10-05,56.015477112315
1197,MSFT,2016-10-06,56.112658717298
1198,MSFT,2016-10-07,56.170967680288
1199,MSFT,2016-10-10,56.404203532248
1200,MSFT,2016-10-11,55.578159889891
1201,MSFT,2016-10-12,55.500414605904
1202,MSFT,2016-10-13,55.315769556436
1203,MSFT,2016-10-14,55.801677581352
1204,MSFT,2016-10-17,55.607314371386
1205,MSFT,2016-10-18,56.034913433312
1206,MSFT,2016-10-19,55.908577346834
1207,MSFT,2016-10-20,55.636468852881
1208,MSFT,2016-10-21,57.978545532976
1209,MSFT,2016-10-24,59.280779039751
1210,MSFT,2016-10-25,59.271060879252
1211,MSFT,2016-10-26,58.921207101313
1212,MSFT,2016-10-27,58.406144594902
1213,MSFT,2016-10-28,58.18262690344
1214,MSFT,2016-10-31,58.231217705932
1215,MSFT,2016-11-01,58.114599779952
1216,MSFT,2016-11-02,57.755027841514
1217,MSFT,2016-11-03,57.541228310551
1218,MSFT,2016-11-04,57.055320285635
1219,MSFT,2016-11-07,58.717125730848
1220,MSFT,2016-11-08,58.76571653334
1221,MSFT,2016-11-09,58.47417171839
1222,MSFT,2016-11-10,57.045602125137
1223,MSFT,2016-11-11,57.356583261083
1224,MSFT,2016-11-14,56.481948816234
1225,MSFT,2016-11-15,57.589819113043
1226,MSFT,2016-11-16,58.352857314303
1227,MSFT,2016-11-17,59.321328877441
1228,MSFT,2016-11-18,59.037635187228
1229,MSFT,2016-11-21,59.53654478036
1230,MSFT,2016-11-22,59.790890847447
1231,MSFT,2016-11-23,59.086547892437
1232,MSFT,2016-11-25,59.213720925981
1233,MSFT,2016-11-28,59.291981254315
1234,MSFT,2016-11-29,59.761543224321
1235,MSFT,2016-11-30,58.949592317852
1236,MSFT,2016-12-01,57.912642967422
1237,MSFT,2016-12-02,57.961555672631
1238,MSFT,2016-12-05,58.910462153685
1239,MSFT,2016-12-06,58.646333545557
1240,MSFT,2016-12-07,60.035454373491
1241,MSFT,2016-12-08,59.683282895987
1242,MSFT,2016-12-09,60.622406835999
1243,MSFT,2016-12-12,60.818057656835
1244,MSFT,2016-12-13,61.61044348122
1245,MSFT,2016-12-14,61.316967249967
1246,MSFT,2016-12-15,61.219141839549
1247,MSFT,2016-12-16,60.945230690378
1248,MSFT,2016-12-19,62.236526107895
1249,MSFT,2016-12-20,62.158265779561
1250,MSFT,2016-12-21,62.158265779561
1251,MSFT,2016-12-22,62.168048320603
1252,MSFT,2016-12-23,61.864789548307
1253,MSFT,2016-12-27,61.903919712474
1254,MSFT,2016-12-28,61.620226022262
1255,MSFT,2016-12-29,61.532183152886
1256,MSFT,2016-12-30,60.78871003371
1257,MSFT,2017-01-03,61.219141839549
1258,MSFT,2017-01-04,60.945230690378
1259,MSFT,2017-01-05,60.945230690378
1260,MSFT,2017-01-06,61.473487906635
1261,MSFT,2017-01-09,61.277837085799
1262,MSFT,2017-01-10,61.258272003716
1263,MSFT,2017-01-11,61.815876843098
1264,MSFT,2017-01-12,61.248489462674
1265,MSFT,2017-01-13,61.33653233205
1266,MSFT,2017-01-17,61.17022913434
1267,MSFT,2017-01-18,61.140881511214
1268,MSFT,2017-01-19,60.945230690378
1269,MSFT,2017-01-20,61.375662496217
1270,MSFT,2017-01-23,61.590878399137
1271,MSFT,2017-01-24,62.138700697477
1272,MSFT,2017-01-25,62.295221354146
1273,MSFT,2017-01-26,62.872391275612
1274,MSFT,2017-01-27,64.349554972923
1275,MSFT,2017-01-30,63.713689805206
1276,MSFT,2017-01-31,63.2441278352
1277,MSFT,2017-02-01,62.197395943728
1278,MSFT,2017-02-02,61.796311761014
1279,MSFT,2017-02-03,62.295221354146
1280,MSFT,2017-02-06,62.256091189979
1281,MSFT,2017-02-07,62.050657828101
1282,MSFT,2017-02-08,61.962614958725
1283,MSFT,2017-02-09,62.666957913734
1284,MSFT,2017-02-10,62.608262667483
1285,MSFT,2017-02-13,63.312605622493
1286,MSFT,2017-02-14,63.547386607496
1287,MSFT,2017-02-15,63.508020098834
1288,MSFT,2017-02-16,63.498178471668
1289,MSFT,2017-02-17,63.596594743323
1290,MSFT,2017-02-21,63.468653590172
1291,MSFT,2017-02-22,63.340712437021
1292,MSFT,2017-02-23,63.596594743323
1293,MSFT,2017-02-24,63.596594743323
1294,MSFT,2017-02-27,63.212771283869
1295,MSFT,2017-02-28,62.966730604732
1296,MSFT,2017-03-01,63.911526812618
1297,MSFT,2017-03-02,62.996255486229
1298,MSFT,2017-03-03,63.2324545382
1299,MSFT,2017-03-06,63.252137792531
1300,MSFT,2017-03-07,63.380078945682
1301,MSFT,2017-03-08,63.960734948446
1302,MSFT,2017-03-09,63.704852642143
1303,MSFT,2017-03-10,63.901685185453
1304,MSFT,2017-03-13,63.685169387812
1305,MSFT,2017-03-14,63.389920572848
1306,MSFT,2017-03-15,63.724535896474
1307,MSFT,2017-03-16,63.616277997654
1308,MSFT,2017-03-17,63.84263542246
1309,MSFT,2017-03-20,63.901685185453
1310,MSFT,2017-03-21,63.193088029538
1311,MSFT,2017-03-22,64.000101457108
1312,MSFT,2017-03-23,63.84263542246
1313,MSFT,2017-03-24,63.95089332128
1314,MSFT,2017-03-27,64.068992847266
1315,MSFT,2017-03-28,64.25598376341
1316,MSFT,2017-03-29,64.433133052389
1317,MSFT,2017-03-30,64.66933210436
1318,MSFT,2017-03-31,64.816956511842
1319,MSFT,2017-04-03,64.511866069713
1320,MSFT,2017-04-04,64.689015358691
1321,MSFT,2017-04-05,64.521707696878
1322,MSFT,2017-04-06,64.689015358691
1323,MSFT,2017-04-07,64.639807222864
1324,MSFT,2017-04-10,64.492182815382
1325,MSFT,2017-04-11,64.442974679554
1326,MSFT,2017-04-12,64.196934000417
1327,MSFT,2017-04-13,63.921368439784
1328,MSFT,2017-04-17,64.442974679554
1329,MSFT,2017-04-18,64.354400035065
1330,MSFT,2017-04-19,64.009943084273
1331,MSFT,2017-04-20,64.462657933885
1332,MSFT,2017-04-21,65.348404378778
1333,MSFT,2017-04-24,66.460508248477
1334,MSFT,2017-04-25,66.844331707931
1335,MSFT,2017-04-26,66.755757063442
1336,MSFT,2017-04-27,67.188788658723
1337,MSFT,2017-04-28,67.375779574867
1338,MSFT,2017-05-01,68.310734155587
1339,MSFT,2017-05-02,68.202476256767
1340,MSFT,2017-05-03,67.985960459127
1341,MSFT,2017-05-04,67.720236525659
1342,MSFT,2017-05-05,67.907227441803
1343,MSFT,2017-05-08,67.84817767881
1344,MSFT,2017-05-09,67.946593950465
1345,MSFT,2017-05-10,68.212317883933
1346,MSFT,2017-05-11,67.375779574867
1347,MSFT,2017-05-12,67.297046557543
1348,MSFT,2017-05-15,67.34625469337
1349,MSFT,2017-05-16,68.694557615041
1350,MSFT,2017-05-17,66.784451056951
1351,MSFT,2017-05-18,67.012080335894
1352,MSFT,2017-05-19,66.992286485551
1353,MSFT,2017-05-22,67.744452798582
1354,MSFT,2017-05-23,67.972082077525
1355,MSFT,2017-05-24,68.061154404068
1356,MSFT,2017-05-25,68.902393043641
1357,MSFT,2017-05-26,69.248785424642
1358,MSFT,2017-05-30,69.684250132186
1359,MSFT,2017-05-31,69.120125397413
1360,MSFT,2017-06-01,69.377445451871
1361,MSFT,2017-06-02,71.020335030332
1362,MSFT,2017-06-05,71.534975139247
1363,MSFT,2017-06-06,71.772501343362
1364,MSFT,2017-06-07,71.643841316133
1365,MSFT,2017-06-08,71.203428146004
1366,MSFT,2017-06-09,69.595177805643
1367,MSFT,2017-06-12,69.060743846385
1368,MSFT,2017-06-13,69.921776336301
1369,MSFT,2017-06-14,69.545693179786
1370,MSFT,2017-06-15,69.179506948442
1371,MSFT,2017-06-16,69.278476200157
1372,MSFT,2017-06-19,70.139508690073
1373,MSFT,2017-06-20,69.189403873614
1374,MSFT,2017-06-21,69.545693179786
1375,MSFT,2017-06-22,69.535796254614
1376,MSFT,2017-06-23,70.476004145902
1377,MSFT,2017-06-26,69.803013234243
1378,MSFT,2017-06-27,68.496619111612
1379,MSFT,2017-06-28,69.080537696728
1380,MSFT,2017-06-29,67.784040499267
1381,MSFT,2017-06-30,68.219505206811
1382,MSFT,2017-07-03,67.467338893781
1383,MSFT,2017-07-05,68.367959084383
1384,MSFT,2017-07-06,67.863215900639
1385,MSFT,2017-07-07,68.744042240898
1386,MSFT,2017-07-10,69.258682349814
1387,MSFT,2017-07-11,69.268579274985
1388,MSFT,2017-07-12,70.416622594873
1389,MSFT,2017-07-13,71.030231955503
1390,MSFT,2017-07-14,72.02982139782
1391,MSFT,2017-07-17,72.593946132593
1392,MSFT,2017-07-18,72.544461506735
1393,MSFT,2017-07-19,73.098689316337
1394,MSFT,2017-07-20,73.474772472852
1395,MSFT,2017-07-21,73.029410840136
1396,MSFT,2017-07-24,72.841369261879
1397,MSFT,2017-07-25,73.425287846995
1398,MSFT,2017-07-26,73.286730894594
1399,MSFT,2017-07-27,72.405904554335
1400,MSFT,2017-07-28,72.287141452278
1401,MSFT,2017-07-31,71.970439846791
1402,MSFT,2017-08-01,71.831882894391
1403,MSFT,2017-08-02,71.515181288904
1404,MSFT,2017-08-03,71.406315112019
1405,MSFT,2017-08-04,71.930852146105
1406,MSFT,2017-08-07,71.653738241305
1407,MSFT,2017-08-08,72.039718322991
1408,MSFT,2017-08-09,71.723016717505
1409,MSFT,2017-08-10,70.673942649331
1410,MSFT,2017-08-11,71.752707493019
1411,MSFT,2017-08-14,72.831472336707
1412,MSFT,2017-08-15,72.85126618705
1413,MSFT,2017-08-16,73.279100719424
1414,MSFT,2017-08-17,72.035395683453
1415,MSFT,2017-08-18,72.124942446043
1416,MSFT,2017-08-21,71.786654676259
1417,MSFT,2017-08-22,72.791568345324
1418,MSFT,2017-08-23,72.353784172662
1419,MSFT,2017-08-24,72.323935251799
1420,MSFT,2017-08-25,72.45328057554
1421,MSFT,2017-08-28,72.463230215827
1422,MSFT,2017-08-29,72.682122302158
1423,MSFT,2017-08-30,73.637287769784
1424,MSFT,2017-08-31,74.393460431655
1425,MSFT,2017-09-01,73.56764028777
1426,MSFT,2017-09-05,73.239302158273
1427,MSFT,2017-09-06,73.03035971223
1428,MSFT,2017-09-07,73.965625899281
1429,MSFT,2017-09-08,73.607438848921
1430,MSFT,2017-09-11,74.383510791367
1431,MSFT,2017-09-12,74.303913669065
1432,MSFT,2017-09-13,74.831244604317
1433,MSFT,2017-09-14,74.393460431655
1434,MSFT,2017-09-15,74.930741007194
1435,MSFT,2017-09-18,74.781496402878
1436,MSFT,2017-09-19,75.060086330935
1437,MSFT,2017-09-20,74.562604316547
1438,MSFT,2017-09-21,73.83628057554
1439,MSFT,2017-09-22,74.035273381295
1440,MSFT,2017-09-25,72.891064748201
1441,MSFT,2017-09-26,72.891064748201
1442,MSFT,2017-09-27,73.47809352518
1443,MSFT,2017-09-28,73.497992805755
1444,MSFT,2017-09-29,74.114870503597
1445,MSFT,2017-10-02,74.23426618705
1446,MSFT,2017-10-03,73.886028776978
1447,MSFT,2017-10-04,74.313863309353
1448,MSFT,2017-10-05,75.587417266187
1449,MSFT,2017-10-06,75.61726618705
1450,MSFT,2017-10-09,75.905805755396
1451,MSFT,2017-10-10,75.905805755396
1452,MSFT,2017-10-11,76.035151079137
1453,MSFT,2017-10-12,76.731625899281
1454,MSFT,2017-10-13,77.099762589928
1455,MSFT,2017-10-16,77.258956834532
1456,MSFT,2017-10-17,77.199258992806
1457,MSFT,2017-10-18,77.219158273381
1458,MSFT,2017-10-19,77.517647482014
1459,MSFT,2017-10-20,78.413115107914
1460,MSFT,2017-10-23,78.433014388489
1461,MSFT,2017-10-24,78.462863309353
1462,MSFT,2017-10-25,78.234021582734
1463,MSFT,2017-10-26,78.363366906475
1464,MSFT,2017-10-27,83.387935251799
1465,MSFT,2017-10-30,83.467532374101
1466,MSFT,2017-10-31,82.761107913669
1467,MSFT,2017-11-01,82.761107913669
1468,MSFT,2017-11-02,83.626726618705
1469,MSFT,2017-11-03,83.716273381295
1470,MSFT,2017-11-06,84.044611510791
1471,MSFT,2017-11-07,83.845618705036
1472,MSFT,2017-11-09,83.666525179856
1473,MSFT,2017-11-10,83.447633093525
1474,MSFT,2017-11-13,83.507330935252
1475,MSFT,2017-11-14,83.626726618705
1476,MSFT,2017-11-15,82.98
1477,MSFT,2017-11-16,83.2
1478,MSFT,2017-11-17,82.4
1479,MSFT,2017-11-20,82.53
1480,MSFT,2017-11-21,83.72
1481,MSFT,2017-11-22,83.11
1482,MSFT,2017-11-24,83.26
1483,MSFT,2017-11-27,83.87
1484,MSFT,2017-11-28,84.88
1485,MSFT,2017-11-29,83.34
1486,MSFT,2017-11-30,84.17
1487,MSFT,2017-12-01,84.26
1488,MSFT,2017-12-04,81.08
1489,MSFT,2017-12-05,81.59
1490,MSFT,2017-12-06,82.78
1491,MSFT,2017-12-07,82.49
1492,MSFT,2017-12-08,84.16
1493,MSFT,2017-12-11,85.23
1494,MSFT,2017-12-12,85.58
1495,MSFT,2017-12-13,85.35
1496,MSFT,2017-12-14,84.69
1497,MSFT,2017-12-15,86.85
1498,MSFT,2017-12-18,86.38
1499,MSFT,2017-12-19,85.83
1500,MSFT,2017-12-20,85.52
1501,MSFT,2017-12-21,85.5
1502,MSFT,2017-12-22,85.51
1503,MSFT,2017-12-26,85.4
1504,MSFT,2017-12-27,85.71
1505,MSFT,2017-12-28,85.72
1506,MSFT,2017-12-29,85.54
1507,WMT,2015-01-02,79.600659121223
1508,WMT,2015-01-05,79.368992476516
1509,WMT,2015-01-06,79.980592418542
1510,WMT,2015-01-07,82.102658884056
1511,WMT,2015-01-08,83.835525386462
1512,WMT,2015-01-09,82.797658818176
1513,WMT,2015-01-12,83.41852542599
1514,WMT,2015-01-13,82.760592155023
1515,WMT,2015-01-14,80.25859239219
1516,WMT,2015-01-15,80.972125657887
1517,WMT,2015-01-16,80.406859044802
1518,WMT,2015-01-20,80.332725718496
1519,WMT,2015-01-21,80.286392389555
1520,WMT,2015-01-22,81.824658910407
1521,WMT,2015-01-23,82.019258891961
1522,WMT,2015-01-26,82.13045888142
1523,WMT,2015-01-27,81.111125644711
1524,WMT,2015-01-28,80.453192373744
1525,WMT,2015-01-29,81.287192294688
1526,WMT,2015-01-30,78.748125868702
1527,WMT,2015-02-02,79.424592471246
1528,WMT,2015-02-03,79.869392429083
1529,WMT,2015-02-04,80.295659055343
1530,WMT,2015-02-05,80.879459000004
1531,WMT,2015-02-06,80.925792328945
1532,WMT,2015-02-09,79.609925787011
1533,WMT,2015-02-10,80.888725665792
1534,WMT,2015-02-11,80.008392415907
1535,WMT,2015-02-12,79.591392455435
1536,WMT,2015-02-13,79.517259129129
1537,WMT,2015-02-17,79.656259115953
1538,WMT,2015-02-18,79.962059086966
1539,WMT,2015-02-19,77.395192663615
1540,WMT,2015-02-20,78.1179925951
1541,WMT,2015-02-23,78.395992568748
1542,WMT,2015-02-24,78.368192571383
1543,WMT,2015-02-25,77.441525992557
1544,WMT,2015-02-26,77.654659305687
1545,WMT,2015-02-27,77.775125960934
1546,WMT,2015-03-02,77.802925958299
1547,WMT,2015-03-03,77.256192676791
1548,WMT,2015-03-04,76.524126079518
1549,WMT,2015-03-05,77.441525992557
1550,WMT,2015-03-06,76.533392745306
1551,WMT,2015-03-09,76.802126053166
1552,WMT,2015-03-10,76.051526124316
1553,WMT,2015-03-11,75.226792869161
1554,WMT,2015-03-12,76.354868459341
1555,WMT,2015-03-13,76.354868459341
1556,WMT,2015-03-16,77.650756947235
1557,WMT,2015-03-17,77.026120050193
1558,WMT,2015-03-18,76.942213601336
1559,WMT,2015-03-19,76.000596786392
1560,WMT,2015-03-20,77.604142253426
1561,WMT,2015-03-23,77.669402824759
1562,WMT,2015-03-24,77.427006416951
1563,WMT,2015-03-25,75.814138011156
1564,WMT,2015-03-26,76.34554552058
1565,WMT,2015-03-27,75.842106827441
1566,WMT,2015-03-30,76.942213601336
1567,WMT,2015-03-31,76.681171316005
1568,WMT,2015-04-01,75.245438746684
1569,WMT,2015-04-02,75.264084624208
1570,WMT,2015-04-06,75.506481032015
1571,WMT,2015-04-07,75.049657032686
1572,WMT,2015-04-08,75.543772787063
1573,WMT,2015-04-09,75.366636950588
1574,WMT,2015-04-10,75.189501114113
1575,WMT,2015-04-13,74.853875318688
1576,WMT,2015-04-14,74.723354176022
1577,WMT,2015-04-15,74.341113686787
1578,WMT,2015-04-16,73.874966748696
1579,WMT,2015-04-17,72.607047077088
1580,WMT,2015-04-20,72.849443484895
1581,WMT,2015-04-21,72.746891158515
1582,WMT,2015-04-22,73.119808708988
1583,WMT,2015-04-23,73.819029116125
1584,WMT,2015-04-24,74.434343074406
1585,WMT,2015-04-27,73.9961649526
1586,WMT,2015-04-28,73.744445606031
1587,WMT,2015-04-29,72.607047077088
1588,WMT,2015-04-30,72.765537036039
1589,WMT,2015-05-01,73.278298667939
1590,WMT,2015-05-04,73.819029116125
1591,WMT,2015-05-05,72.840120546134
1592,WMT,2015-05-06,72.849443484895
1593,WMT,2015-05-07,73.20595074213
1594,WMT,2015-05-08,73.675039238491
1595,WMT,2015-05-11,73.27162313162
1596,WMT,2015-05-12,74.078455345362
1597,WMT,2015-05-13,73.327913751184
1598,WMT,2015-05-14,73.853292867108
1599,WMT,2015-05-15,74.341144903324
1600,WMT,2015-05-18,74.979105258375
1601,WMT,2015-05-19,71.704867553774
1602,WMT,2015-05-20,71.207633747631
1603,WMT,2015-05-21,71.404650916103
1604,WMT,2015-05-22,71.170106667922
1605,WMT,2015-05-26,70.269456754909
1606,WMT,2015-05-27,70.541528082798
1607,WMT,2015-05-28,70.213166135345
1608,WMT,2015-05-29,69.678405249494
1609,WMT,2015-06-01,70.109966666146
1610,WMT,2015-06-02,69.922331267601
1611,WMT,2015-06-03,70.260074984982
1612,WMT,2015-06-04,69.565824010367
1613,WMT,2015-06-05,68.5432110883
1614,WMT,2015-06-08,68.121031441574
1615,WMT,2015-06-09,67.989686662593
1616,WMT,2015-06-10,68.421248079246
1617,WMT,2015-06-11,68.430629849173
1618,WMT,2015-06-12,67.952159582884
1619,WMT,2015-06-15,67.483071086523
1620,WMT,2015-06-16,67.877105423467
1621,WMT,2015-06-17,68.233612680701
1622,WMT,2015-06-18,68.468156928882
1623,WMT,2015-06-19,68.242994450628
1624,WMT,2015-06-22,68.289903300264
1625,WMT,2015-06-23,68.083504361866
1626,WMT,2015-06-24,67.905250733248
1627,WMT,2015-06-25,67.417398697033
1628,WMT,2015-06-26,67.66132471514
1629,WMT,2015-06-29,67.004600820235
1630,WMT,2015-06-30,66.544894093801
1631,WMT,2015-07-01,67.436162236887
1632,WMT,2015-07-02,67.417398697033
1633,WMT,2015-07-06,68.045977282157
1634,WMT,2015-07-07,69.228080292987
1635,WMT,2015-07-08,68.5432110883
1636,WMT,2015-07-09,68.280521530337
1637,WMT,2015-07-10,68.599501707863
1638,WMT,2015-07-13,69.312516222332
1639,WMT,2015-07-14,69.228080292987
1640,WMT,2015-07-15,69.096735514006
1641,WMT,2015-07-16,69.265607372696
1642,WMT,2015-07-17,68.852809495898
1643,WMT,2015-07-20,68.580738168008
1644,WMT,2015-07-21,68.242994450628
1645,WMT,2015-07-22,68.637028787572
1646,WMT,2015-07-23,68.027213742302
1647,WMT,2015-07-24,67.15470913907
1648,WMT,2015-07-27,66.967073740526
1649,WMT,2015-07-28,67.642561175286
1650,WMT,2015-07-29,67.76452418434
1651,WMT,2015-07-30,67.698851794849
1652,WMT,2015-07-31,67.529979936159
1653,WMT,2015-08-03,67.717615334704
1654,WMT,2015-08-04,67.783287724194
1655,WMT,2015-08-05,69.425097461459
1656,WMT,2015-08-06,68.745107389737
1657,WMT,2015-08-07,67.290684180777
1658,WMT,2015-08-10,67.507903231466
1659,WMT,2015-08-11,67.932897026292
1660,WMT,2015-08-12,68.546776952152
1661,WMT,2015-08-13,68.102894544222
1662,WMT,2015-08-14,68.357890821118
1663,WMT,2015-08-17,67.914008413188
1664,WMT,2015-08-18,65.619041921128
1665,WMT,2015-08-19,64.759610024925
1666,WMT,2015-08-20,64.627389733201
1667,WMT,2015-08-21,62.842415794932
1668,WMT,2015-08-24,60.396340398045
1669,WMT,2015-08-25,59.593574341151
1670,WMT,2015-08-26,61.227439374593
1671,WMT,2015-08-27,62.407977693554
1672,WMT,2015-08-28,61.331326746662
1673,WMT,2015-08-31,61.132996309076
1674,WMT,2015-09-01,60.273564412873
1675,WMT,2015-09-02,60.859111419078
1676,WMT,2015-09-03,61.255772294248
1677,WMT,2015-09-04,60.339674558735
1678,WMT,2015-09-08,62.691306890105
1679,WMT,2015-09-09,61.501324264592
1680,WMT,2015-09-10,60.556893609424
1681,WMT,2015-09-11,61.057441856663
1682,WMT,2015-09-14,60.708002514251
1683,WMT,2015-09-15,60.745779740457
1684,WMT,2015-09-16,61.09521908287
1685,WMT,2015-09-17,60.887444338733
1686,WMT,2015-09-18,59.820237698392
1687,WMT,2015-09-21,60.179121347356
1688,WMT,2015-09-22,60.056345362184
1689,WMT,2015-09-23,60.179121347356
1690,WMT,2015-09-24,60.283008719425
1691,WMT,2015-09-25,60.235787186666
1692,WMT,2015-09-28,60.122455508046
1693,WMT,2015-09-29,60.235787186666
1694,WMT,2015-09-30,61.236883681145
1695,WMT,2015-10-01,60.698558207699
1696,WMT,2015-10-02,61.369103972869
1697,WMT,2015-10-05,62.209647255969
1698,WMT,2015-10-06,62.030205431487
1699,WMT,2015-10-07,62.672418277002
1700,WMT,2015-10-08,63.163522217689
1701,WMT,2015-10-09,62.984080393207
1702,WMT,2015-10-12,63.210743750448
1703,WMT,2015-10-13,63.021857619414
1704,WMT,2015-10-14,56.694172229783
1705,WMT,2015-10-15,56.033070771165
1706,WMT,2015-10-16,55.617521282891
1707,WMT,2015-10-19,55.579744056684
1708,WMT,2015-10-20,55.485300991167
1709,WMT,2015-10-21,55.381413619098
1710,WMT,2015-10-22,55.626965589442
1711,WMT,2015-10-23,55.060307196341
1712,WMT,2015-10-26,54.795866612894
1713,WMT,2015-10-27,54.285874059103
1714,WMT,2015-10-28,54.43698296393
1715,WMT,2015-10-29,54.739200773584
1716,WMT,2015-10-30,54.059210701862
1717,WMT,2015-11-02,54.408650044275
1718,WMT,2015-11-03,54.880865371859
1719,WMT,2015-11-04,55.126417342203
1720,WMT,2015-11-05,55.353080699443
1721,WMT,2015-11-06,55.513633910822
1722,WMT,2015-11-09,55.239749020823
1723,WMT,2015-11-10,55.419190845305
1724,WMT,2015-11-11,54.38031712462
1725,WMT,2015-11-12,53.785325811863
1726,WMT,2015-11-13,53.284777564624
1727,WMT,2015-11-16,54.654202014619
1728,WMT,2015-11-17,56.590284857715
1729,WMT,2015-11-18,57.544159819435
1730,WMT,2015-11-19,57.326940768746
1731,WMT,2015-11-20,56.73194945599
1732,WMT,2015-11-23,56.911391280472
1733,WMT,2015-11-24,56.590284857715
1734,WMT,2015-11-25,56.892502667369
1735,WMT,2015-11-27,56.56195193806
1736,WMT,2015-11-30,55.570299750132
1737,WMT,2015-12-01,55.711964348408
1738,WMT,2015-12-02,55.570299750132
1739,WMT,2015-12-03,56.227429258746
1740,WMT,2015-12-04,56.817893454891
1741,WMT,2015-12-07,57.617877204507
1742,WMT,2015-12-08,56.770275374557
1743,WMT,2015-12-09,56.313141803347
1744,WMT,2015-12-10,56.722657294222
1745,WMT,2015-12-11,56.532184972885
1746,WMT,2015-12-14,57.513117427772
1747,WMT,2015-12-15,56.798846222757
1748,WMT,2015-12-16,57.42740488317
1749,WMT,2015-12-17,56.170287562344
1750,WMT,2015-12-18,56.046480553475
1751,WMT,2015-12-21,56.713133678156
1752,WMT,2015-12-22,57.655971668775
1753,WMT,2015-12-23,58.179770552452
1754,WMT,2015-12-24,57.932156534714
1755,WMT,2015-12-28,57.855967606179
1756,WMT,2015-12-29,58.674998587929
1757,WMT,2015-12-30,58.741663900397
1758,WMT,2015-12-31,58.379766489856
1759,WMT,2016-01-04,58.532144346926
1760,WMT,2016-01-05,59.922592292688
1761,WMT,2016-01-06,60.5225801049
1762,WMT,2016-01-07,61.932075282795
1763,WMT,2016-01-08,60.513056488833
1764,WMT,2016-01-11,61.160662381379
1765,WMT,2016-01-12,60.589245417368
1766,WMT,2016-01-13,58.970230686002
1767,WMT,2016-01-14,60.055922917624
1768,WMT,2016-01-15,58.979754302068
1769,WMT,2016-01-19,59.579742114281
1770,WMT,2016-01-20,57.941680150781
1771,WMT,2016-01-21,58.932136221734
1772,WMT,2016-01-22,59.70354912315
1773,WMT,2016-01-25,60.427343944231
1774,WMT,2016-01-26,60.951142827909
1775,WMT,2016-01-27,60.903524747574
1776,WMT,2016-01-28,61.160662381379
1777,WMT,2016-01-29,63.198716219688
1778,WMT,2016-02-01,64.28440845131
1779,WMT,2016-02-02,63.674897023031
1780,WMT,2016-02-03,63.113003675086
1781,WMT,2016-02-04,63.255857916089
1782,WMT,2016-02-05,63.808227647967
1783,WMT,2016-02-08,63.712991487298
1784,WMT,2016-02-09,62.67491733601
1785,WMT,2016-02-10,62.655870103877
1786,WMT,2016-02-11,62.208260148734
1787,WMT,2016-02-12,63.027291130484
1788,WMT,2016-02-16,62.760629880612
1789,WMT,2016-02-17,62.960625818016
1790,WMT,2016-02-18,61.065426220711
1791,WMT,2016-02-19,61.579701488321
1792,WMT,2016-02-22,62.503492246807
1793,WMT,2016-02-23,63.31299961249
1794,WMT,2016-02-24,63.922511040769
1795,WMT,2016-02-25,64.79868371892
1796,WMT,2016-02-26,63.341570460691
1797,WMT,2016-02-29,63.179668987554
1798,WMT,2016-03-01,63.293952380356
1799,WMT,2016-03-02,63.055861978685
1800,WMT,2016-03-03,62.989196666217
1801,WMT,2016-03-04,63.598708094496
1802,WMT,2016-03-07,64.655829477917
1803,WMT,2016-03-08,64.79868371892
1804,WMT,2016-03-09,64.789160102853
1805,WMT,2016-03-10,64.674030542475
1806,WMT,2016-03-11,64.443771421719
1807,WMT,2016-03-14,64.626059892318
1808,WMT,2016-03-15,65.326431384619
1809,WMT,2016-03-16,65.230490084303
1810,WMT,2016-03-17,64.712407062601
1811,WMT,2016-03-18,64.232700561025
1812,WMT,2016-03-21,65.21130182424
1813,WMT,2016-03-22,65.115360523925
1814,WMT,2016-03-23,64.722001192633
1815,WMT,2016-03-24,65.240084214335
1816,WMT,2016-03-28,65.355213774713
1817,WMT,2016-03-29,65.268866604429
1818,WMT,2016-03-30,66.007614616856
1819,WMT,2016-03-31,65.710196585879
1820,WMT,2016-04-01,66.257061997676
1821,WMT,2016-04-04,66.295438517802
1822,WMT,2016-04-05,65.854108536352
1823,WMT,2016-04-06,66.237873737613
1824,WMT,2016-04-07,65.451155075028
1825,WMT,2016-04-08,65.297648994524
1826,WMT,2016-04-11,64.664436412444
1827,WMT,2016-04-12,66.007614616856
1828,WMT,2016-04-13,66.34340916796
1829,WMT,2016-04-14,66.007614616856
1830,WMT,2016-04-15,66.257061997676
1831,WMT,2016-04-18,67.024592400198
1832,WMT,2016-04-19,66.938245229914
1833,WMT,2016-04-20,66.400973948149
1834,WMT,2016-04-21,65.691008325816
1835,WMT,2016-04-22,65.930861576604
1836,WMT,2016-04-25,66.650421328968
1837,WMT,2016-04-26,66.487321118432
1838,WMT,2016-04-27,66.602450678811
1839,WMT,2016-04-28,66.113150047203
1840,WMT,2016-04-29,64.155947520773
1841,WMT,2016-05-02,64.846724883043
1842,WMT,2016-05-03,64.280671211183
1843,WMT,2016-05-04,64.462959681782
1844,WMT,2016-05-05,64.482147941845
1845,WMT,2016-05-06,65.479937465123
1846,WMT,2016-05-09,66.151526567329
1847,WMT,2016-05-10,65.998020486825
1848,WMT,2016-05-11,64.194324040899
1849,WMT,2016-05-12,64.619644061649
1850,WMT,2016-05-13,62.77336851703
1851,WMT,2016-05-16,63.817335840689
1852,WMT,2016-05-17,62.928030342758
1853,WMT,2016-05-18,61.043089341707
1854,WMT,2016-05-19,66.891239627017
1855,WMT,2016-05-20,67.529219658142
1856,WMT,2016-05-23,67.181230550256
1857,WMT,2016-05-24,67.896541494244
1858,WMT,2016-05-25,68.128534232835
1859,WMT,2016-05-26,68.486189704829
1860,WMT,2016-05-27,68.38952606375
1861,WMT,2016-05-31,68.418525156074
1862,WMT,2016-06-01,68.147866961051
1863,WMT,2016-06-02,68.582853345909
1864,WMT,2016-06-03,68.505522433045
1865,WMT,2016-06-06,68.679516986988
1866,WMT,2016-06-07,68.660184258772
1867,WMT,2016-06-08,68.901843361471
1868,WMT,2016-06-09,68.71818244342
1869,WMT,2016-06-10,68.76651426396
1870,WMT,2016-06-13,68.176866053375
1871,WMT,2016-06-14,68.582853345909
1872,WMT,2016-06-15,68.747181535744
1873,WMT,2016-06-16,68.921176089687
1874,WMT,2016-06-17,68.582853345909
1875,WMT,2016-06-20,68.727848807528
1876,WMT,2016-06-21,69.075837915414
1877,WMT,2016-06-22,69.356162474545
1878,WMT,2016-06-23,69.694485218323
1879,WMT,2016-06-24,69.559156120812
1880,WMT,2016-06-27,69.114503371846
1881,WMT,2016-06-28,69.124169735954
1882,WMT,2016-06-29,70.042474326209
1883,WMT,2016-06-30,70.583790716254
1884,WMT,2016-07-01,70.380797069988
1885,WMT,2016-07-05,70.69978708555
1886,WMT,2016-07-06,71.35709984489
1887,WMT,2016-07-07,71.07677528576
1888,WMT,2016-07-08,71.376432573106
1889,WMT,2016-07-11,71.589092583481
1890,WMT,2016-07-12,70.825449818953
1891,WMT,2016-07-13,71.163772562731
1892,WMT,2016-07-14,71.241103475595
1893,WMT,2016-07-15,71.212104383271
1894,WMT,2016-07-18,71.376432573106
1895,WMT,2016-07-19,71.202438019163
1896,WMT,2016-07-20,71.328100752567
1897,WMT,2016-07-21,71.067108921652
1898,WMT,2016-07-22,71.096108013976
1899,WMT,2016-07-25,71.289435296135
1900,WMT,2016-07-26,71.270102567919
1901,WMT,2016-07-27,70.873781639493
1902,WMT,2016-07-28,70.796450726629
1903,WMT,2016-07-29,70.535458895715
1904,WMT,2016-08-01,71.318434388459
1905,WMT,2016-08-02,70.690120721442
1906,WMT,2016-08-03,70.506459803391
1907,WMT,2016-08-04,70.854448911277
1908,WMT,2016-08-05,71.299101660243
1909,WMT,2016-08-08,70.893114367709
1910,WMT,2016-08-09,71.086441649868
1911,WMT,2016-08-10,71.966080783691
1912,WMT,2016-08-11,71.820104960601
1913,WMT,2016-08-12,71.907690454455
1914,WMT,2016-08-15,71.352982326711
1915,WMT,2016-08-16,70.934518300517
1916,WMT,2016-08-17,70.973445186675
1917,WMT,2016-08-18,72.30669103757
1918,WMT,2016-08-19,70.856664528202
1919,WMT,2016-08-22,70.749615591269
1920,WMT,2016-08-23,70.039199918895
1921,WMT,2016-08-24,70.292224678919
1922,WMT,2016-08-25,69.309320803442
1923,WMT,2016-08-26,69.231467031127
1924,WMT,2016-08-29,69.48449179115
1925,WMT,2016-08-30,69.396906297296
1926,WMT,2016-08-31,69.523418677308
1927,WMT,2016-09-01,70.885859692821
1928,WMT,2016-09-02,70.554981160482
1929,WMT,2016-09-06,71.041567237451
1930,WMT,2016-09-07,70.126785412749
1931,WMT,2016-09-08,69.902955817343
1932,WMT,2016-09-09,68.414002421819
1933,WMT,2016-09-12,70.010004754277
1934,WMT,2016-09-13,69.542882120387
1935,WMT,2016-09-14,69.601272449623
1936,WMT,2016-09-15,70.457663945088
1937,WMT,2016-09-16,70.915054857439
1938,WMT,2016-09-19,70.155980577367
1939,WMT,2016-09-20,70.039199918895
1940,WMT,2016-09-21,70.253297792761
1941,WMT,2016-09-22,70.331151565076
1942,WMT,2016-09-23,70.409005337391
1943,WMT,2016-09-26,69.698589665017
1944,WMT,2016-09-27,70.389541894312
1945,WMT,2016-09-28,69.864028931186
1946,WMT,2016-09-29,68.832466448012
1947,WMT,2016-09-30,70.185175741985
1948,WMT,2016-10-03,70.078126805052
1949,WMT,2016-10-04,69.825102045028
1950,WMT,2016-10-05,69.747248272713
1951,WMT,2016-10-06,67.499220597117
1952,WMT,2016-10-07,66.856926975519
1953,WMT,2016-10-10,66.156243024683
1954,WMT,2016-10-11,65.58207145386
1955,WMT,2016-10-12,65.650193504636
1956,WMT,2016-10-13,66.399536063168
1957,WMT,2016-10-14,66.613633937034
1958,WMT,2016-10-17,66.389804341628
1959,WMT,2016-10-18,67.022366241688
1960,WMT,2016-10-19,67.041829684767
1961,WMT,2016-10-20,66.886122140137
1962,WMT,2016-10-21,66.506585000101
1963,WMT,2016-10-24,67.333781330948
1964,WMT,2016-10-25,67.499220597117
1965,WMT,2016-10-26,67.723050192523
1966,WMT,2016-10-27,67.956611509468
1967,WMT,2016-10-28,68.112319054098
1968,WMT,2016-10-31,68.141514218716
1969,WMT,2016-11-01,67.440830267881
1970,WMT,2016-11-02,67.586806090972
1971,WMT,2016-11-03,67.761977078681
1972,WMT,2016-11-04,67.30458616633
1973,WMT,2016-11-07,67.907952901771
1974,WMT,2016-11-08,67.917684623311
1975,WMT,2016-11-09,69.192540144969
1976,WMT,2016-11-10,69.474760069611
1977,WMT,2016-11-11,69.319052524981
1978,WMT,2016-11-14,68.598905131067
1979,WMT,2016-11-15,69.503955234229
1980,WMT,2016-11-16,69.474760069611
1981,WMT,2016-11-17,67.333781330948
1982,WMT,2016-11-18,66.701219430889
1983,WMT,2016-11-21,67.508952318657
1984,WMT,2016-11-22,68.23883143411
1985,WMT,2016-11-23,68.929783663406
1986,WMT,2016-11-25,69.319052524981
1987,WMT,2016-11-28,69.280125638823
1988,WMT,2016-11-29,69.455296626532
1989,WMT,2016-11-30,68.540514801831
1990,WMT,2016-12-01,68.774076118776
1991,WMT,2016-12-02,68.978442271103
1992,WMT,2016-12-05,68.063660446401
1993,WMT,2016-12-06,68.472392751055
1994,WMT,2016-12-07,69.192540144969
1995,WMT,2016-12-08,68.937723424888
1996,WMT,2016-12-09,68.682906704808
1997,WMT,2016-12-12,70.241208954532
1998,WMT,2016-12-13,70.368617314572
1999,WMT,2016-12-14,69.917787732891
2000,WMT,2016-12-15,69.66297101281
2001,WMT,2016-12-16,69.56496458201
2002,WMT,2016-12-19,70.153003166811
2003,WMT,2016-12-20,70.388218600732
2004,WMT,2016-12-21,69.819781302091
2005,WMT,2016-12-22,68.202675193887
2006,WMT,2016-12-23,68.153671978486
2007,WMT,2016-12-27,68.310482267767
2008,WMT,2016-12-28,67.928257187646
2009,WMT,2016-12-29,67.879253972246
2010,WMT,2016-12-30,67.742044969125
2011,WMT,2017-01-03,67.291215387444
2012,WMT,2017-01-04,67.683241110645
2013,WMT,2017-01-05,67.830250756846
2014,WMT,2017-01-06,66.899189664243
2015,WMT,2017-01-09,67.340218602844
2016,WMT,2017-01-10,66.869787735003
2017,WMT,2017-01-11,67.163807027404
2018,WMT,2017-01-12,66.614971014923
2019,WMT,2017-01-13,65.791716996201
2020,WMT,2017-01-17,67.055999953524
2021,WMT,2017-01-18,66.752180018043
2022,WMT,2017-01-19,66.271948507122
2023,WMT,2017-01-20,65.840720211601
2024,WMT,2017-01-23,65.32128612836
2025,WMT,2017-01-24,66.056334359361
2026,WMT,2017-01-25,65.55650156228
2027,WMT,2017-01-26,65.399691273
2028,WMT,2017-01-27,64.351022463437
2029,WMT,2017-01-30,65.095871337519
2030,WMT,2017-01-31,65.40949191608
2031,WMT,2017-02-01,64.909659118999
2032,WMT,2017-02-02,65.37028934376
2033,WMT,2017-02-03,65.174276482159
2034,WMT,2017-02-06,65.076270051359
2035,WMT,2017-02-07,65.55650156228
2036,WMT,2017-02-08,66.458160725642
2037,WMT,2017-02-09,67.702842396805
2038,WMT,2017-02-10,66.663974230323
2039,WMT,2017-02-13,66.418958153322
2040,WMT,2017-02-14,67.291215387444
2041,WMT,2017-02-15,67.320617316684
2042,WMT,2017-02-16,67.497028892125
2043,WMT,2017-02-17,67.987061046126
2044,WMT,2017-02-21,70.025594806771
2045,WMT,2017-02-22,70.280411526852
2046,WMT,2017-02-23,69.888385803651
2047,WMT,2017-02-24,70.946855256293
2048,WMT,2017-02-27,70.309813456092
2049,WMT,2017-02-28,69.51596136661
2050,WMT,2017-03-01,69.045530498769
2051,WMT,2017-03-02,69.349350434249
2052,WMT,2017-03-03,68.633903489408
2053,WMT,2017-03-06,68.486893843207
2054,WMT,2017-03-07,68.477093200127
2055,WMT,2017-03-08,68.908321495648
2056,WMT,2017-03-09,68.967555009828
2057,WMT,2017-03-10,69.204489066547
2058,WMT,2017-03-13,69.056405281097
2059,WMT,2017-03-14,69.816568713069
2060,WMT,2017-03-15,69.678357179984
2061,WMT,2017-03-16,69.540145646898
2062,WMT,2017-03-17,68.997171766918
2063,WMT,2017-03-20,69.086022038187
2064,WMT,2017-03-21,69.007044019281
2065,WMT,2017-03-22,69.352572851996
2066,WMT,2017-03-23,68.967555009828
2067,WMT,2017-03-24,68.720748700746
2068,WMT,2017-03-27,68.770109962562
2069,WMT,2017-03-28,69.421678618539
2070,WMT,2017-03-29,69.836313217796
2071,WMT,2017-03-30,70.675454668674
2072,WMT,2017-03-31,71.159195034475
2073,WMT,2017-04-03,70.912388725393
2074,WMT,2017-04-04,71.090089267932
2075,WMT,2017-04-05,70.734688182854
2076,WMT,2017-04-06,70.517498630862
2077,WMT,2017-04-07,71.968719728263
2078,WMT,2017-04-10,72.126675766075
2079,WMT,2017-04-11,72.491949103517
2080,WMT,2017-04-12,72.50182135588
2081,WMT,2017-04-13,72.215526037345
2082,WMT,2017-04-17,72.551182617696
2083,WMT,2017-04-18,72.946072712227
2084,WMT,2017-04-19,73.123773254766
2085,WMT,2017-04-20,73.844447677285
2086,WMT,2017-04-21,73.982659210371
2087,WMT,2017-04-24,73.824703172558
2088,WMT,2017-04-25,74.091253986367
2089,WMT,2017-04-26,74.466399576171
2090,WMT,2017-04-27,74.476271828534
2091,WMT,2017-04-28,74.219593267089
2092,WMT,2017-05-01,74.268954528906
2093,WMT,2017-05-02,74.555249847441
2094,WMT,2017-05-03,74.792183904159
2095,WMT,2017-05-04,75.364774541229
2096,WMT,2017-05-05,75.522730579041
2097,WMT,2017-05-08,75.147584989237
2098,WMT,2017-05-09,75.739920131034
2099,WMT,2017-05-10,76.223660496834
2100,WMT,2017-05-11,75.657200438383
2101,WMT,2017-05-12,75.239808816366
2102,WMT,2017-05-15,75.81620677058
2103,WMT,2017-05-16,74.643535070628
2104,WMT,2017-05-17,74.653472966391
2105,WMT,2017-05-18,77.058443740867
2106,WMT,2017-05-19,78.28080491963
2107,WMT,2017-05-22,78.062171212859
2108,WMT,2017-05-23,78.002543838285
2109,WMT,2017-05-24,77.664655382367
2110,WMT,2017-05-25,77.823661714564
2111,WMT,2017-05-26,77.644779590843
2112,WMT,2017-05-30,77.664655382367
2113,WMT,2017-05-31,78.111860691671
2114,WMT,2017-06-01,79.314346078909
2115,WMT,2017-06-02,79.125526059425
2116,WMT,2017-06-05,79.761551388212
2117,WMT,2017-06-06,78.439811251827
2118,WMT,2017-06-07,78.658444958597
2119,WMT,2017-06-08,78.439811251827
2120,WMT,2017-06-09,78.926768144179
2121,WMT,2017-06-12,78.747886020458
2122,WMT,2017-06-13,79.026147101802
2123,WMT,2017-06-14,79.40378714077
2124,WMT,2017-06-15,78.419935460302
2125,WMT,2017-06-16,74.772727715538
2126,WMT,2017-06-19,75.031113005358
2127,WMT,2017-06-20,75.070864588407
2128,WMT,2017-06-21,75.766517291768
2129,WMT,2017-06-22,75.050988796883
2130,WMT,2017-06-23,74.375211885046
2131,WMT,2017-06-26,75.031113005358
2132,WMT,2017-06-27,75.537945689235
2133,WMT,2017-06-28,76.03484047735
2134,WMT,2017-06-29,75.458442523137
2135,WMT,2017-06-30,75.209995129079
2136,WMT,2017-07-03,74.891982464686
2137,WMT,2017-07-05,74.852230881637
2138,WMT,2017-07-06,75.001299318071
2139,WMT,2017-07-07,74.862168777399
2140,WMT,2017-07-10,72.775210667316
2141,WMT,2017-07-11,73.013720165611
2142,WMT,2017-07-12,73.480801266439
2143,WMT,2017-07-13,74.583907696055
2144,WMT,2017-07-14,75.865896249391
2145,WMT,2017-07-17,75.895709936678
2146,WMT,2017-07-18,75.726765708719
2147,WMT,2017-07-19,75.398815148563
2148,WMT,2017-07-20,75.547883584998
2149,WMT,2017-07-21,75.677076229907
2150,WMT,2017-07-24,76.412480516318
2151,WMT,2017-07-25,78.032357525572
2152,WMT,2017-07-26,78.40999756454
2153,WMT,2017-07-27,79.284532391622
2154,WMT,2017-07-28,79.314346078909
2155,WMT,2017-07-31,79.49322820263
2156,WMT,2017-08-01,80.000060886508
2157,WMT,2017-08-02,80.029874573794
2158,WMT,2017-08-03,80.367763029713
2159,WMT,2017-08-04,79.980185094983
2160,WMT,2017-08-07,80.775216755967
2161,WMT,2017-08-08,81.083291524598
2162,WMT,2017-08-09,81.61
2163,WMT,2017-08-10,80.66
2164,WMT,2017-08-11,80.4
2165,WMT,2017-08-14,80.7
2166,WMT,2017-08-15,80.77
2167,WMT,2017-08-16,80.98
2168,WMT,2017-08-17,79.7
2169,WMT,2017-08-18,79.31
2170,WMT,2017-08-21,79.71
2171,WMT,2017-08-22,80.02
2172,WMT,2017-08-23,79.96
2173,WMT,2017-08-24,78.34
2174,WMT,2017-08-25,78.63
2175,WMT,2017-08-28,78.03
2176,WMT,2017-08-29,78.77
2177,WMT,2017-08-30,78.54
2178,WMT,2017-08-31,78.07
2179,WMT,2017-09-01,78.37
2180,WMT,2017-09-05,79.8
2181,WMT,2017-09-06,80.08
2182,WMT,2017-09-07,80.12
2183,WMT,2017-09-08,78.88
2184,WMT,2017-09-11,79.08
2185,WMT,2017-09-12,79.61
2186,WMT,2017-09-13,79.86
2187,WMT,2017-09-14,79.68
2188,WMT,2017-09-15,80.38
2189,WMT,2017-09-18,80.0
2190,WMT,2017-09-19,80.05
2191,WMT,2017-09-20,80.5
2192,WMT,2017-09-21,80.01
2193,WMT,2017-09-22,79.53
2194,WMT,2017-09-25,79.15
2195,WMT,2017-09-26,79.39
2196,WMT,2017-09-27,79.29
2197,WMT,2017-09-28,78.95
2198,WMT,2017-09-29,78.14
2199,WMT,2017-10-02,78.45
2200,WMT,2017-10-03,79.22
2201,WMT,2017-10-04,79.09
2202,WMT,2017-10-05,79.41
2203,WMT,2017-10-06,79.0
2204,WMT,2017-10-09,80.53
2205,WMT,2017-10-10,84.13
2206,WMT,2017-10-11,85.73
2207,WMT,2017-10-12,86.1
2208,WMT,2017-10-13,86.62
2209,WMT,2017-10-16,85.74
2210,WMT,2017-10-17,85.98
2211,WMT,2017-10-18,86.22
2212,WMT,2017-10-19,86.4
2213,WMT,2017-10-20,87.44
2214,WMT,2017-10-23,88.65
2215,WMT,2017-10-24,87.98
2216,WMT,2017-10-25,88.52
2217,WMT,2017-10-26,88.62
2218,WMT,2017-10-27,88.17
2219,WMT,2017-10-30,86.95
2220,WMT,2017-10-31,87.31
2221,WMT,2017-11-01,87.94
2222,WMT,2017-11-02,88.8
2223,WMT,2017-11-03,89.68
2224,WMT,2017-11-06,88.7
2225,WMT,2017-11-07,88.95
2226,WMT,2017-11-09,90.3
2227,WMT,2017-11-10,90.92
2228,WMT,2017-11-13,90.99
2229,WMT,2017-11-14,91.09
2230,WMT,2017-11-15,89.83
2231,WMT,2017-11-16,99.62
2232,WMT,2017-11-17,97.47
2233,WMT,2017-11-20,97.48
2234,WMT,2017-11-21,96.52
2235,WMT,2017-11-22,96.41
2236,WMT,2017-11-24,96.62
2237,WMT,2017-11-27,96.62
2238,WMT,2017-11-28,96.77
2239,WMT,2017-11-29,97.56
2240,WMT,2017-11-30,97.23
2241,WMT,2017-12-01,97.35
2242,WMT,2017-12-04,97.01
2243,WMT,2017-12-05,97.83
2244,WMT,2017-12-06,97.28
2245,WMT,2017-12-07,96.78
2246,WMT,2017-12-08,96.55
2247,WMT,2017-12-11,96.93
2248,WMT,2017-12-12,96.7
2249,WMT,2017-12-13,97.76
2250,WMT,2017-12-14,97.13
2251,WMT,2017-12-15,97.11
2252,WMT,2017-12-18,97.9
2253,WMT,2017-12-19,98.8
2254,WMT,2017-12-20,98.75
2255,WMT,2017-12-21,98.06
2256,WMT,2017-12-22,98.21
2257,WMT,2017-12-26,99.16
2258,WMT,2017-12-27,99.26
2259,WMT,2017-12-28,99.4
2260,WMT,2017-12-29,98.75
